/* 
Задание №1
Заполнить все таблицы БД vk данными (по 10-100 записей в каждой таблице)
 */

-- Generation time: Sat, 22 Feb 2020 09:02:46 +0000
-- Host: mysql.hostinger.ro
-- DB name: u574849695_22
/*!40030 SET NAMES UTF8 */;
/*!40101 SET @OLD_CHARACTER_SET_CLIENT=@@CHARACTER_SET_CLIENT */;
/*!40101 SET @OLD_CHARACTER_SET_RESULTS=@@CHARACTER_SET_RESULTS */;
/*!40101 SET @OLD_COLLATION_CONNECTION=@@COLLATION_CONNECTION */;
/*!40103 SET @OLD_TIME_ZONE=@@TIME_ZONE */;
/*!40103 SET TIME_ZONE='+00:00' */;
/*!40014 SET @OLD_UNIQUE_CHECKS=@@UNIQUE_CHECKS, UNIQUE_CHECKS=0 */;
/*!40014 SET @OLD_FOREIGN_KEY_CHECKS=@@FOREIGN_KEY_CHECKS, FOREIGN_KEY_CHECKS=0 */;
/*!40101 SET @OLD_SQL_MODE=@@SQL_MODE, SQL_MODE='NO_AUTO_VALUE_ON_ZERO' */;
/*!40111 SET @OLD_SQL_NOTES=@@SQL_NOTES, SQL_NOTES=0 */;

DROP TABLE IF EXISTS `communities`;
CREATE TABLE `communities` (
  `id` bigint(20) unsigned NOT NULL AUTO_INCREMENT,
  `name` varchar(150) COLLATE utf8_unicode_ci DEFAULT NULL,
  PRIMARY KEY (`id`),
  KEY `communities_name_idx` (`name`)
) ENGINE=InnoDB AUTO_INCREMENT=101 DEFAULT CHARSET=utf8 COLLATE=utf8_unicode_ci;

INSERT INTO `communities` VALUES ('19','ad'),
('62','adipisci'),
('92','adipisci'),
('40','aliquid'),
('32','amet'),
('11','aperiam'),
('87','aspernatur'),
('17','aut'),
('63','aut'),
('28','beatae'),
('21','consectetur'),
('34','consequatur'),
('53','consequuntur'),
('67','corporis'),
('83','corrupti'),
('25','cupiditate'),
('6','debitis'),
('97','deserunt'),
('61','dicta'),
('66','dicta'),
('51','distinctio'),
('15','dolor'),
('30','doloremque'),
('99','dolores'),
('69','dolorum'),
('43','ducimus'),
('23','earum'),
('100','earum'),
('31','enim'),
('77','enim'),
('84','esse'),
('35','est'),
('71','est'),
('72','est'),
('96','est'),
('9','et'),
('42','et'),
('74','et'),
('86','et'),
('45','facere'),
('8','facilis'),
('81','fugiat'),
('1','fugit'),
('41','fugit'),
('82','fugit'),
('88','harum'),
('75','id'),
('94','in'),
('91','itaque'),
('22','iure'),
('36','iusto'),
('98','labore'),
('93','laudantium'),
('73','minima'),
('49','molestiae'),
('33','mollitia'),
('46','mollitia'),
('56','nam'),
('3','natus'),
('39','natus'),
('95','nesciunt'),
('2','nihil'),
('90','non'),
('44','numquam'),
('50','odit'),
('58','officiis'),
('89','optio'),
('59','perferendis'),
('55','perspiciatis'),
('16','placeat'),
('27','possimus'),
('47','praesentium'),
('80','quasi'),
('12','qui'),
('20','qui'),
('60','quia'),
('85','quia'),
('78','quibusdam'),
('52','quidem'),
('13','quisquam'),
('70','quisquam'),
('5','quo'),
('68','ratione'),
('18','reiciendis'),
('48','rem'),
('26','repudiandae'),
('76','sed'),
('14','sequi'),
('24','sit'),
('57','sit'),
('7','sunt'),
('37','tenetur'),
('4','ut'),
('65','velit'),
('54','veritatis'),
('29','vero'),
('79','vitae'),
('38','voluptate'),
('10','voluptatibus'),
('64','voluptatum'); 


DROP TABLE IF EXISTS `friend_requests`;
CREATE TABLE `friend_requests` (
  `initiator_user_id` bigint(20) unsigned NOT NULL,
  `target_user_id` bigint(20) unsigned NOT NULL,
  `status` enum('requested','approved','unfriended','declined') COLLATE utf8_unicode_ci DEFAULT NULL,
  `requested_at` datetime DEFAULT current_timestamp(),
  `confirmed_at` datetime DEFAULT NULL,
  PRIMARY KEY (`initiator_user_id`,`target_user_id`),
  KEY `initiator_user_id` (`initiator_user_id`),
  KEY `target_user_id` (`target_user_id`),
  CONSTRAINT `friend_requests_ibfk_1` FOREIGN KEY (`initiator_user_id`) REFERENCES `users` (`id`),
  CONSTRAINT `friend_requests_ibfk_2` FOREIGN KEY (`target_user_id`) REFERENCES `users` (`id`)
) ENGINE=InnoDB DEFAULT CHARSET=utf8 COLLATE=utf8_unicode_ci;

INSERT INTO `friend_requests` VALUES ('1','1','','1983-06-18 18:35:18','2002-10-28 12:10:04'),
('2','2','','2010-10-31 07:26:55','1986-02-08 22:14:00'),
('3','3','','2007-02-23 18:17:29','1997-01-30 11:19:11'),
('4','4','','2015-03-20 01:03:31','1977-10-04 13:22:17'),
('5','5','','2006-10-09 11:55:01','1970-10-09 15:42:02'),
('6','6','','1981-03-09 09:30:43','2012-01-30 01:13:35'),
('7','7','','1986-09-12 08:13:56','1970-10-26 08:38:26'),
('8','8','','1989-10-19 17:55:50','1978-03-19 13:16:41'),
('9','9','','1981-12-31 05:23:50','1997-12-11 21:42:29'),
('10','10','','1980-06-08 03:00:43','1983-08-01 21:58:11'),
('11','11','','1978-11-29 03:33:19','2018-12-22 18:16:59'),
('12','12','','1978-06-08 03:19:54','2013-06-05 20:55:17'),
('13','13','','2011-07-12 07:23:23','1976-07-09 12:17:46'),
('14','14','','1995-09-15 19:46:04','1985-03-16 15:07:59'),
('15','15','','2020-02-18 09:26:57','2003-09-29 22:12:34'),
('16','16','','1972-11-25 15:42:01','1998-08-13 21:32:51'),
('17','17','','2012-08-08 11:06:27','1986-03-18 08:17:51'),
('18','18','','1971-07-07 07:06:29','1987-05-13 05:58:43'),
('19','19','','2004-11-08 12:23:10','2018-02-03 05:42:41'),
('20','20','','1999-07-17 17:13:45','2001-01-25 14:55:56'),
('21','21','','2005-12-30 02:37:45','2012-12-08 02:49:40'),
('22','22','','1985-01-03 20:01:16','2017-02-11 19:07:31'),
('23','23','','1997-09-16 21:40:48','2012-09-25 21:18:02'),
('24','24','','1985-04-08 22:10:17','1983-06-14 22:26:13'),
('25','25','','1974-03-20 00:32:48','1971-03-21 02:05:47'),
('26','26','','2004-02-08 15:51:28','2001-04-12 19:23:54'),
('27','27','','1981-05-10 16:26:53','1978-06-21 10:13:44'),
('28','28','','1983-01-30 17:17:08','1974-03-01 14:51:13'),
('29','29','','2002-05-13 04:46:33','1996-09-27 01:28:25'),
('30','30','','1975-05-15 15:57:27','1994-08-26 11:44:38'),
('31','31','','1984-05-26 18:23:50','2012-03-14 14:04:46'),
('32','32','','1997-07-24 07:36:04','1983-01-04 12:56:42'),
('33','33','','2001-12-16 20:32:02','1983-02-22 14:17:40'),
('34','34','','1986-06-25 21:30:28','1979-12-27 08:07:57'),
('35','35','','2019-08-07 09:58:32','1997-12-29 10:44:24'),
('36','36','','2016-05-23 17:21:32','1986-07-19 02:37:54'),
('37','37','','2004-06-08 20:52:06','1995-09-27 10:37:28'),
('38','38','','2013-01-15 03:59:10','2006-02-04 22:26:38'),
('39','39','','1992-02-02 17:41:36','1981-01-05 23:54:33'),
('40','40','','2012-02-11 08:50:32','2011-08-23 07:21:43'),
('41','41','','2017-07-12 01:00:32','2015-05-07 13:05:49'),
('42','42','','1984-12-02 21:12:45','1989-01-19 04:44:56'),
('43','43','','1990-10-16 18:03:50','2009-06-06 13:24:30'),
('44','44','','1985-03-15 01:25:33','1988-04-02 22:06:31'),
('45','45','','1993-10-18 13:29:58','1998-11-01 06:39:57'),
('46','46','','1997-09-28 09:05:27','2012-10-01 14:06:32'),
('47','47','','2013-11-21 17:34:45','2012-04-10 15:04:56'),
('48','48','','1987-06-17 00:55:29','1973-11-23 00:19:55'),
('49','49','','1974-12-24 21:59:14','2014-12-12 09:08:45'),
('50','50','','2013-10-03 11:18:41','1991-10-30 07:47:33'),
('51','51','','1986-11-29 12:16:16','1990-02-19 18:13:44'),
('52','52','','1995-11-18 07:54:53','2001-06-03 03:58:04'),
('53','53','','1977-09-03 19:11:03','2012-11-08 13:52:10'),
('54','54','','1985-04-28 07:52:58','1992-03-03 06:41:51'),
('55','55','','2014-05-19 22:05:35','2007-02-11 10:29:09'),
('56','56','','2006-06-20 09:39:27','2018-06-26 15:19:24'),
('57','57','','1970-04-03 16:53:55','1976-08-26 04:17:44'),
('58','58','','1975-09-01 11:03:05','1970-09-11 11:49:24'),
('59','59','','1977-08-11 21:08:04','2009-09-28 03:12:07'),
('60','60','','2013-06-30 14:56:04','1996-02-02 22:39:37'),
('61','61','','2011-11-06 06:20:08','2008-07-16 22:58:56'),
('62','62','','1985-05-25 07:39:12','1982-07-22 21:54:44'),
('63','63','','1990-04-22 01:55:56','2014-04-29 16:13:22'),
('64','64','','1988-10-23 07:31:41','1975-07-20 05:34:37'),
('65','65','','2009-10-02 18:50:56','1992-04-11 15:07:01'),
('66','66','','2005-04-22 17:28:19','1999-03-14 02:14:44'),
('67','67','','2005-02-24 01:12:49','1987-05-03 21:35:46'),
('68','68','','1982-01-01 06:40:18','2004-11-20 15:14:15'),
('69','69','','1996-01-19 17:33:41','2014-06-14 05:09:52'),
('70','70','','1983-07-25 23:30:40','2007-12-19 11:05:05'),
('71','71','','1997-06-02 22:09:53','1979-03-29 18:12:17'),
('72','72','','1980-10-02 06:09:17','2004-09-01 21:00:22'),
('73','73','','2006-03-06 16:04:47','1994-07-21 05:36:00'),
('74','74','','1984-07-04 20:06:57','1987-06-28 01:17:52'),
('75','75','','1994-04-24 15:18:19','1994-05-11 21:08:55'),
('76','76','','2000-03-02 18:39:36','1995-08-13 02:23:27'),
('77','77','','1975-02-23 17:04:47','2002-01-29 05:19:02'),
('78','78','','1994-07-24 22:34:15','1992-05-10 02:05:54'),
('79','79','','2010-06-15 17:52:49','1991-12-05 03:29:58'),
('80','80','','1989-10-11 11:08:22','2003-10-14 16:39:40'),
('81','81','','2001-08-05 22:03:06','1979-02-28 21:15:11'),
('82','82','','1986-02-14 19:33:25','2006-11-27 08:06:05'),
('83','83','','1992-08-08 06:39:37','1975-10-29 12:03:59'),
('84','84','','2001-05-16 20:13:57','2011-08-12 18:53:53'),
('85','85','','1984-04-09 22:54:58','1988-07-17 11:28:00'),
('86','86','','1972-12-09 23:47:23','2019-10-16 17:08:46'),
('87','87','','2009-03-07 20:16:03','1986-03-18 23:41:18'),
('88','88','','1984-01-19 05:43:22','1979-07-12 13:29:47'),
('89','89','','1973-10-21 21:20:04','2015-04-25 10:59:58'),
('90','90','','1990-12-10 00:48:47','1976-03-01 17:13:19'),
('91','91','','2018-10-19 01:52:56','2007-08-03 21:12:19'),
('92','92','','1996-09-20 12:46:07','2004-03-08 21:14:50'),
('93','93','','1982-08-20 19:58:31','1978-12-11 10:00:43'),
('94','94','','1971-10-07 21:10:12','2000-02-19 10:00:02'),
('95','95','','1982-04-07 06:20:09','2014-07-06 14:15:07'),
('96','96','','1979-06-11 09:19:40','1973-01-30 15:06:37'),
('97','97','','1976-03-17 07:35:55','2013-10-05 14:28:07'),
('98','98','','2015-01-07 08:55:13','1978-01-30 23:27:27'),
('99','99','','1973-07-29 16:07:03','2005-11-11 23:46:42'),
('100','100','','2016-10-19 19:18:48','2008-10-21 05:01:58'); 


DROP TABLE IF EXISTS `likes`;
CREATE TABLE `likes` (
  `id` bigint(20) unsigned NOT NULL AUTO_INCREMENT,
  `user_id` bigint(20) unsigned NOT NULL,
  `media_id` bigint(20) unsigned NOT NULL,
  `created_at` datetime DEFAULT current_timestamp(),
  PRIMARY KEY (`id`)
) ENGINE=InnoDB AUTO_INCREMENT=101 DEFAULT CHARSET=utf8 COLLATE=utf8_unicode_ci;

INSERT INTO `likes` VALUES ('1','1','1','1975-03-17 18:07:30'),
('2','2','2','1973-09-04 03:11:34'),
('3','3','3','1998-10-18 08:09:03'),
('4','4','4','1973-02-06 03:48:13'),
('5','5','5','1984-04-14 06:24:24'),
('6','6','6','1981-10-13 06:44:28'),
('7','7','7','1973-06-01 18:01:28'),
('8','8','8','2004-04-16 08:29:48'),
('9','9','9','2005-01-20 10:52:50'),
('10','10','10','2018-10-06 08:23:14'),
('11','11','11','2011-12-23 10:46:20'),
('12','12','12','2005-02-23 08:57:38'),
('13','13','13','2005-06-20 11:14:14'),
('14','14','14','1980-03-05 07:11:28'),
('15','15','15','1975-01-28 19:49:29'),
('16','16','16','2013-06-01 09:05:53'),
('17','17','17','1999-10-16 03:15:29'),
('18','18','18','1986-06-17 03:18:11'),
('19','19','19','1987-03-25 17:31:09'),
('20','20','20','2000-06-21 13:58:05'),
('21','21','21','2005-08-16 00:38:33'),
('22','22','22','2000-06-16 06:03:30'),
('23','23','23','1979-08-11 18:07:36'),
('24','24','24','2016-07-13 12:32:55'),
('25','25','25','2004-08-24 01:44:02'),
('26','26','26','2002-03-18 10:55:29'),
('27','27','27','1971-03-19 22:50:40'),
('28','28','28','1979-06-28 16:49:27'),
('29','29','29','1971-04-18 14:20:21'),
('30','30','30','1990-04-23 00:11:49'),
('31','31','31','2016-01-28 05:48:06'),
('32','32','32','2015-08-23 14:45:34'),
('33','33','33','1983-10-15 01:29:20'),
('34','34','34','2002-04-18 15:56:54'),
('35','35','35','1999-06-18 20:06:29'),
('36','36','36','1974-11-20 16:29:35'),
('37','37','37','1976-07-14 13:54:12'),
('38','38','38','2013-05-02 18:58:01'),
('39','39','39','2001-08-28 01:39:57'),
('40','40','40','1982-12-25 19:56:37'),
('41','41','41','1990-01-16 05:59:36'),
('42','42','42','2019-09-22 00:21:54'),
('43','43','43','1971-09-23 05:30:11'),
('44','44','44','2000-11-15 19:28:00'),
('45','45','45','1984-12-21 11:20:16'),
('46','46','46','2003-02-24 22:20:36'),
('47','47','47','1972-05-01 17:42:00'),
('48','48','48','2012-06-24 21:10:18'),
('49','49','49','1999-03-14 10:11:53'),
('50','50','50','2017-12-06 05:26:09'),
('51','51','51','2000-04-28 13:10:40'),
('52','52','52','1992-11-27 20:39:30'),
('53','53','53','2008-11-24 20:07:36'),
('54','54','54','2019-07-28 18:57:49'),
('55','55','55','2007-12-22 00:04:00'),
('56','56','56','2008-05-14 08:23:03'),
('57','57','57','1998-05-20 03:32:33'),
('58','58','58','2010-02-25 14:21:43'),
('59','59','59','2013-03-09 18:33:00'),
('60','60','60','1985-04-07 20:48:03'),
('61','61','61','2017-10-31 13:45:52'),
('62','62','62','1984-10-25 23:09:27'),
('63','63','63','1997-08-31 06:57:06'),
('64','64','64','1986-05-20 14:03:12'),
('65','65','65','1981-09-30 15:39:38'),
('66','66','66','1993-12-04 15:50:47'),
('67','67','67','2009-08-27 18:50:58'),
('68','68','68','1970-08-11 18:00:39'),
('69','69','69','1994-02-16 11:46:07'),
('70','70','70','1996-12-17 12:12:39'),
('71','71','71','2003-09-12 21:00:12'),
('72','72','72','2013-06-23 06:03:59'),
('73','73','73','2003-08-05 01:35:57'),
('74','74','74','2008-03-09 15:34:18'),
('75','75','75','2003-08-01 09:24:18'),
('76','76','76','2019-06-22 15:50:10'),
('77','77','77','2017-01-17 02:17:34'),
('78','78','78','2016-01-18 20:18:16'),
('79','79','79','1994-03-01 17:19:25'),
('80','80','80','2009-08-10 12:55:24'),
('81','81','81','1988-02-03 07:29:23'),
('82','82','82','1984-07-07 22:41:25'),
('83','83','83','2005-12-30 21:47:21'),
('84','84','84','1985-09-26 08:37:08'),
('85','85','85','1977-04-19 23:10:13'),
('86','86','86','2004-10-18 00:35:46'),
('87','87','87','2001-07-29 17:47:04'),
('88','88','88','1978-09-25 14:42:59'),
('89','89','89','2000-12-19 04:09:39'),
('90','90','90','1983-09-16 21:35:54'),
('91','91','91','1996-07-07 09:38:56'),
('92','92','92','1990-02-10 03:49:51'),
('93','93','93','1978-12-05 22:54:17'),
('94','94','94','2004-05-12 03:48:35'),
('95','95','95','2017-06-17 03:16:47'),
('96','96','96','2005-11-15 11:10:48'),
('97','97','97','1978-11-14 03:36:36'),
('98','98','98','2014-07-16 06:50:10'),
('99','99','99','1998-09-20 19:38:52'),
('100','100','100','1975-12-15 06:18:12'); 


DROP TABLE IF EXISTS `media`;
CREATE TABLE `media` (
  `id` bigint(20) unsigned NOT NULL AUTO_INCREMENT,
  `media_type_id` bigint(20) unsigned NOT NULL,
  `user_id` bigint(20) unsigned NOT NULL,
  `body` text COLLATE utf8_unicode_ci DEFAULT NULL,
  `filename` varchar(255) COLLATE utf8_unicode_ci DEFAULT NULL,
  `size` int(11) DEFAULT NULL,
  `metadata` longtext CHARACTER SET utf8mb4 COLLATE utf8mb4_bin DEFAULT NULL,
  `created_at` datetime DEFAULT current_timestamp(),
  `updated_at` datetime DEFAULT current_timestamp() ON UPDATE current_timestamp(),
  PRIMARY KEY (`id`),
  KEY `user_id` (`user_id`),
  KEY `media_type_id` (`media_type_id`),
  CONSTRAINT `media_ibfk_1` FOREIGN KEY (`user_id`) REFERENCES `users` (`id`),
  CONSTRAINT `media_ibfk_2` FOREIGN KEY (`media_type_id`) REFERENCES `media_types` (`id`)
) ENGINE=InnoDB AUTO_INCREMENT=101 DEFAULT CHARSET=utf8 COLLATE=utf8_unicode_ci;

INSERT INTO `media` VALUES ('1','1','1','Quia sed et ea dolorum similique sit. Animi saepe alias doloremque eaque provident. Possimus repudiandae quod quas.','omnis','0',NULL,'1994-12-09 16:08:36','1975-02-21 20:04:45'),
('2','2','2','Sit maiores et explicabo quibusdam sit quisquam. Ipsam aliquid officia quibusdam sequi sint ad ut. Quis ut veritatis non fugiat. Voluptatem dolorem voluptas dicta nostrum eum.','ratione','163941',NULL,'2014-01-03 13:57:21','2005-01-28 06:17:43'),
('3','3','3','Illo in et illum et. Fugit neque tempora architecto sit eum porro. Expedita cum ipsam saepe vero dolorem rem. Vel quam ut expedita molestiae voluptas unde at.','nemo','57',NULL,'1979-12-13 13:18:35','2017-08-03 10:12:00'),
('4','4','4','Quia hic qui voluptas voluptatem iusto dolor voluptatum. Molestiae in labore sequi vitae. Ipsam libero fuga aut ut esse et. Quia harum ipsam omnis velit.','illum','767',NULL,'2016-12-01 00:55:39','1974-06-06 22:19:30'),
('5','5','5','Voluptates sed distinctio dolorum eligendi consequuntur praesentium. Accusamus quia voluptate dolorem quia necessitatibus sint. Eos similique consequatur ad quo consequatur.','tenetur','0',NULL,'1992-06-15 22:06:02','2000-01-23 04:12:41'),
('6','6','6','Libero consequuntur in quibusdam incidunt aut id molestiae. Et culpa ratione enim excepturi quos. Ad soluta quia quis at impedit harum et.','ratione','9',NULL,'1991-10-25 20:18:49','2009-09-17 06:29:49'),
('7','7','7','Explicabo sunt consequatur qui a et culpa quae. Doloribus mollitia in natus. Eos vero error aut possimus quaerat doloremque suscipit.','fuga','1330208',NULL,'1983-12-09 03:54:18','1992-07-18 14:37:35'),
('8','8','8','Quaerat occaecati molestias aut. Non repudiandae et et. Placeat sapiente labore eum distinctio ipsa illum. Fuga et ut est quia cupiditate.','nam','8505',NULL,'2001-07-04 22:53:10','1987-09-04 12:05:19'),
('9','9','9','Sint vero omnis ut explicabo dolor sit in. Qui beatae voluptas ut soluta sit natus et. Sed nisi voluptatum enim. Vel eligendi ut laudantium voluptatem adipisci. Et ipsam ducimus suscipit tenetur architecto natus dignissimos pariatur.','repellat','8000',NULL,'2011-11-21 03:31:14','2013-09-16 12:59:21'),
('10','10','10','Occaecati numquam ex at hic. Nesciunt sequi velit et sunt dicta. Quia autem est est nulla maxime et.','in','895869',NULL,'1978-03-02 01:16:24','2018-11-17 03:29:17'),
('11','11','11','Rerum illum eligendi sit facilis et. A molestias sit delectus qui cupiditate ut. Nulla nemo qui a rerum labore eius beatae.','harum','99800',NULL,'2014-11-30 04:46:44','2015-07-07 22:57:00'),
('12','12','12','Necessitatibus quia est omnis facilis hic earum. Ipsum veritatis esse eum dicta aperiam qui. Odio debitis voluptas necessitatibus tempore. Fugiat sint et eum qui.','atque','6',NULL,'1986-01-25 01:45:36','1987-04-07 07:14:59'),
('13','13','13','Est nulla dolorum error eos soluta. Minus voluptatem quod cumque.','et','6176079',NULL,'2012-12-16 00:26:00','2011-09-08 17:29:35'),
('14','14','14','Nisi sunt aut officia eos. Corrupti quidem culpa in expedita perferendis. Enim asperiores aliquid est a suscipit. Excepturi et minima quasi quo.','cum','0',NULL,'2000-08-15 06:07:20','1987-12-06 19:34:48'),
('15','15','15','Labore voluptatibus dicta nulla ab quia cupiditate sunt. Eos nobis quae minus aspernatur. Dolores omnis optio quia atque.','ipsa','3332',NULL,'1988-01-27 19:13:58','1977-07-27 17:03:18'),
('16','16','16','A aut voluptas omnis temporibus. Praesentium est qui voluptas quos reiciendis vel et in. Consequatur delectus rerum reiciendis omnis repellendus mollitia.','in','0',NULL,'2006-10-12 15:57:09','1981-03-29 13:28:09'),
('17','17','17','Non autem aspernatur rem totam beatae. Perspiciatis inventore velit sapiente enim harum tempora sint libero. Et quo rem ipsum facere sed dolorem. Sed pariatur et non distinctio omnis id.','aliquam','52',NULL,'1993-07-24 01:01:55','2008-12-01 04:57:46'),
('18','18','18','Et similique commodi totam est ducimus dolorem. Dolorum explicabo et reprehenderit sed quia. Fugiat dolor molestiae et suscipit. Ut id minus quos culpa asperiores error sit.','quibusdam','8129',NULL,'2019-06-24 04:11:09','2010-04-20 10:58:43'),
('19','19','19','Sunt sed necessitatibus velit magnam doloribus accusamus. Totam consectetur est doloremque et.','quo','0',NULL,'1973-08-16 05:56:58','2003-07-31 17:57:16'),
('20','20','20','Illum nihil qui nemo odio doloremque velit quod laboriosam. Ut fuga nulla molestias enim dolorum commodi quibusdam. Ab deleniti est et temporibus amet nemo soluta temporibus.','sed','4429',NULL,'1997-01-31 05:01:59','1997-05-03 08:33:01'),
('21','21','21','Maxime et voluptate corrupti tenetur nulla voluptatem. Sint illum illo laudantium est. Hic reprehenderit esse enim quae rerum provident iure.','saepe','0',NULL,'2004-04-11 15:57:56','2000-08-15 18:04:43'),
('22','22','22','Ea quia beatae quia sit repellat. Quos esse veniam qui voluptatem ullam autem. Quaerat tenetur dolores illo rem velit. Quia ipsam et autem voluptas.','quae','702080306',NULL,'1976-04-16 23:45:33','2006-01-14 01:42:43'),
('23','23','23','Expedita sed ea omnis quaerat. Autem est et recusandae quos repellendus tenetur iure. Rerum quisquam et magnam quasi qui.','rerum','458756',NULL,'1980-03-29 12:34:34','2012-07-13 02:30:54'),
('24','24','24','Illo itaque omnis sit placeat sequi. Quasi animi repellendus et odit debitis nobis numquam. Ullam nam et dolor veritatis autem. Ducimus molestiae quo sapiente porro ad.','odio','32',NULL,'1978-12-12 19:42:44','1995-03-18 13:29:20'),
('25','25','25','Minima eos doloremque qui ipsam velit animi. Vel qui autem et libero. Et et pariatur occaecati vel.','fuga','589',NULL,'2009-10-23 16:19:55','2004-12-02 14:48:37'),
('26','26','26','Nemo ad natus tempore. Magni sunt hic perspiciatis in quos rerum. Minima rerum in tempora ratione unde sint sunt. Voluptas delectus rerum qui quis molestias eveniet et. Quaerat eaque velit nam quam iure.','officia','1',NULL,'2003-05-11 03:46:53','1992-11-12 22:05:09'),
('27','27','27','Eos ducimus odio sed libero et dignissimos est. Labore doloribus iure distinctio corporis. Dolor iure cumque totam earum facere minus voluptatem iusto.','culpa','315834',NULL,'1972-05-13 04:15:21','1985-02-19 06:40:25'),
('28','28','28','Ullam optio facere minima suscipit asperiores sunt aut. Velit itaque doloremque reprehenderit est ut sit sunt exercitationem. Ut exercitationem fuga voluptatem ut velit nesciunt. Id dolorem ipsa et debitis at itaque veniam.','animi','844',NULL,'2003-03-05 09:41:51','1974-10-04 15:04:05'),
('29','29','29','Ipsum enim dolorem dicta quibusdam voluptatibus consequatur eligendi est. Ut pariatur eligendi cumque porro explicabo. Incidunt et id id. Assumenda eligendi nostrum tempore labore quis qui.','voluptatem','552980',NULL,'1988-03-25 15:34:09','2000-03-23 10:32:32'),
('30','30','30','Quaerat ratione vel quia molestiae dignissimos aut quisquam. Fugiat exercitationem mollitia dolore culpa.','omnis','53',NULL,'2017-09-30 21:39:08','1991-04-06 01:30:37'),
('31','31','31','Officia placeat consequuntur laboriosam molestiae eum. Rerum harum accusamus provident quis. Aut sapiente consequatur amet magnam harum error doloribus. Ut quidem molestiae totam laborum eligendi sint consequuntur.','doloremque','1',NULL,'2015-04-28 07:10:16','2014-02-08 22:04:38'),
('32','32','32','Perspiciatis necessitatibus debitis possimus ut perspiciatis facilis incidunt aut. Suscipit porro est porro veniam officiis porro. Incidunt sunt animi dolores saepe. Nulla delectus ipsam asperiores.','cum','5896',NULL,'1998-08-30 05:54:37','2019-03-06 08:45:08'),
('33','33','33','Quo sit ut deserunt optio sequi eaque. Est non soluta illo eos et excepturi accusamus dicta. Et adipisci vel consequatur laboriosam autem quia est. Qui sapiente ad eum qui illo.','odit','514370283',NULL,'1995-09-21 00:17:10','2004-06-24 11:08:07'),
('34','34','34','Omnis vel non consequatur eum consequuntur nulla laboriosam. Deserunt nihil maiores omnis dicta. Dolorum sed et consequatur voluptatem. Rem ipsa aut in.','voluptatum','819096',NULL,'2003-07-01 11:37:59','2003-08-29 12:35:07'),
('35','35','35','Unde non sunt doloribus repudiandae illum beatae commodi. Itaque numquam doloribus voluptatem ut quaerat.','nesciunt','0',NULL,'2004-09-06 15:51:44','1997-05-14 04:02:17'),
('36','36','36','Omnis id adipisci ratione qui placeat maxime. Rerum enim amet facilis doloribus. Veniam voluptatibus adipisci ut earum. Officia sunt debitis ducimus quasi sit quia rerum. Vitae minus repellendus dolorem in.','et','409',NULL,'1998-07-18 16:06:56','2015-04-18 13:12:55'),
('37','37','37','Non maiores dolorem illum officia illum. Et et non impedit voluptatem non quod aperiam. Laboriosam atque nobis distinctio eum excepturi officia temporibus. Sed consequatur qui ut inventore ut.','perspiciatis','3133010',NULL,'2010-02-08 12:47:23','2010-07-17 14:50:21'),
('38','38','38','Aut quis et rerum. Itaque error qui facilis nihil aspernatur nobis.','sunt','94818',NULL,'1970-08-25 05:58:13','1974-11-15 14:55:48'),
('39','39','39','Quis sequi quisquam rerum voluptas. Et soluta delectus et voluptates est. Totam ipsam atque est enim.','error','5171881',NULL,'2010-10-15 11:41:31','1985-11-04 14:42:55'),
('40','40','40','Accusantium autem cum similique officia aut. Culpa vitae quos veritatis eveniet voluptate. Maxime reprehenderit tempore non earum. Vel eveniet molestias voluptate ullam quia ipsa id.','et','919350',NULL,'1997-12-27 08:31:27','2014-09-15 20:58:19'),
('41','41','41','Qui veniam ab praesentium consequuntur debitis. Vero earum pariatur provident facere necessitatibus. Rerum excepturi distinctio veritatis nihil.','vitae','4428',NULL,'2012-06-24 16:10:24','1987-10-06 01:02:58'),
('42','42','42','Earum nemo et laborum nemo. Sit maiores et eaque ipsum sint quisquam voluptatem nam. Voluptas mollitia sed voluptatem ea. Blanditiis dignissimos dolor rerum dolor rerum in.','facilis','9958086',NULL,'1985-03-31 19:11:16','2011-02-15 04:46:59'),
('43','43','43','Possimus est illum debitis nihil. Eos reiciendis quod aut repellendus quia eos. Expedita omnis qui dolor qui sed.','et','98942072',NULL,'2007-07-23 07:28:51','1985-07-12 22:45:43'),
('44','44','44','Tempore quia quo maiores incidunt assumenda. Quia enim tenetur corporis dicta omnis non porro.','nemo','925154',NULL,'2007-11-15 16:56:50','1974-01-04 17:50:33'),
('45','45','45','Odio est nihil ut repudiandae autem quia illum temporibus. Fugiat illum veniam magnam id. Et ad voluptas dolor adipisci.','corrupti','937156888',NULL,'1983-11-18 19:08:29','1997-07-13 12:20:51'),
('46','46','46','Optio ullam a rerum quisquam nemo suscipit aliquid. Praesentium quis odio sed voluptatum atque placeat. Consequatur accusamus dolorem similique voluptate sed nostrum. Quo quas molestias animi eos temporibus et.','ut','8814',NULL,'2001-05-08 05:56:14','2017-02-16 21:06:20'),
('47','47','47','Vero incidunt voluptas et repudiandae. Est id hic nemo voluptas dolor neque.','esse','227365297',NULL,'1982-05-16 19:11:40','2007-08-07 00:21:23'),
('48','48','48','Facere similique dolores consequatur et corrupti sint est error. Sit unde omnis corporis eum et eaque aut odit. Magni occaecati id laborum error et. Perferendis ut dignissimos et sunt accusantium.','quis','0',NULL,'1972-07-19 10:14:53','1990-02-02 18:40:20'),
('49','49','49','Ut eligendi nihil fuga nesciunt ducimus cupiditate. Rerum est suscipit quisquam voluptatum odit omnis. Nobis eum quia magnam architecto aspernatur voluptate cupiditate qui. Aut illum minus voluptatum.','nemo','7099258',NULL,'1988-10-06 21:27:25','1986-12-21 13:12:47'),
('50','50','50','Commodi unde earum necessitatibus omnis. Rem excepturi ipsum sed dolor explicabo ut. Nisi necessitatibus voluptatibus molestias porro recusandae eius odit. Nisi necessitatibus facilis eveniet soluta.','nulla','630160760',NULL,'2014-03-03 16:19:11','1973-08-14 09:38:58'),
('51','51','51','Eos et nisi dolores est quae. Non aliquam cupiditate sed. Totam laboriosam velit eaque qui sit ipsa. Iusto sunt ducimus dolorum placeat.','suscipit','1157',NULL,'2000-03-17 16:34:19','2014-04-26 00:33:12'),
('52','52','52','Deleniti impedit nihil nemo est dolor quasi deserunt vel. Ipsam voluptates aperiam officia impedit odit tenetur quam. Hic ut odio est consequuntur aut.','tempora','3979',NULL,'1972-05-27 17:10:05','2016-01-23 00:32:50'),
('53','53','53','Non et omnis architecto cupiditate numquam voluptatem fugit fugiat. Unde voluptatem exercitationem ex. Voluptatum sit mollitia eum necessitatibus est ut aperiam cumque. Libero est sed alias soluta nisi fugit sint.','voluptas','9278742',NULL,'1989-10-10 16:55:09','2002-01-27 11:49:09'),
('54','54','54','Dolorem sit ipsum minus exercitationem aut explicabo voluptatem a. Atque delectus qui reprehenderit saepe et. Officiis provident voluptate voluptatem quia non. Est saepe eligendi soluta voluptates.','impedit','25552980',NULL,'2016-03-25 20:10:22','1973-08-20 10:10:31'),
('55','55','55','Quia id dignissimos aliquam. Vel nesciunt voluptatem et fugiat id delectus. Illo accusantium ea ut enim nobis non ut ea. Nisi et fuga accusantium earum.','consequatur','38518158',NULL,'1980-12-14 16:47:33','1994-12-21 10:08:04'),
('56','56','56','Asperiores est quia voluptatem. Eum et consequatur soluta debitis ipsum voluptate. Quam eos qui omnis adipisci.','unde','716342',NULL,'2017-01-13 09:49:53','1974-08-17 15:14:52'),
('57','57','57','Officiis iste nesciunt voluptatem qui. Maiores voluptatem rem placeat aliquid molestiae nulla. Rerum expedita nobis doloremque atque. Consequatur qui quia ut ipsum nulla officiis illo.','adipisci','4412',NULL,'1985-05-26 11:38:41','1979-02-25 21:09:49'),
('58','58','58','Illum eaque maiores vero ipsa qui soluta dolores fuga. Et consequuntur distinctio perferendis sed. Tempora rem velit quaerat voluptatem debitis. Quidem quos tenetur minima dolores ut.','in','8779066',NULL,'1977-06-28 20:29:40','1974-09-11 12:53:38'),
('59','59','59','Dolorem possimus aliquam vero quia ratione consectetur. Placeat libero et numquam quos. Eaque et velit sint aut corporis ut.','repudiandae','5442',NULL,'1991-12-19 22:00:52','1982-06-03 01:20:09'),
('60','60','60','Voluptatum quia odit rem dolores deleniti. Omnis molestiae quis odio officia. Quas consectetur dicta consequatur et et ut ut. Laboriosam voluptas aperiam repudiandae alias et ut tempora.','voluptatem','85',NULL,'1991-10-17 13:52:28','1990-06-05 13:21:32'),
('61','61','61','Hic eos excepturi ad est debitis. Sit aut qui numquam ut ut dicta. Et inventore omnis quo et sit.','quos','653342819',NULL,'1973-04-01 19:09:16','2016-04-28 10:08:19'),
('62','62','62','Rerum facere aut in illo. Et veritatis consequatur quas temporibus. Id illo dolor expedita. Consequatur qui dolore temporibus possimus minus perferendis.','omnis','6',NULL,'2008-03-27 19:46:27','2003-05-01 11:26:23'),
('63','63','63','Quia veniam possimus alias iste sunt laborum dignissimos. Voluptatem enim enim quis voluptatem aliquid tempora est. Commodi dolorem voluptatem voluptas sed.','cum','29961438',NULL,'2013-10-14 21:28:01','2015-03-06 18:58:40'),
('64','64','64','Et veniam sit consequatur facere. Sint numquam nihil sed hic voluptatibus aliquam voluptatem. Voluptas libero id laborum eum architecto iusto.','omnis','3',NULL,'2020-01-18 05:05:42','1989-05-10 09:50:56'),
('65','65','65','Ratione at soluta facere porro et error in. Facere omnis enim sed. Et rerum error veniam beatae nam magnam esse. Itaque nemo ipsam soluta sequi voluptatibus rerum sed.','facilis','347',NULL,'2003-10-13 01:51:07','1985-10-03 10:36:55'),
('66','66','66','A dolor doloribus deserunt porro. Dicta maiores rerum quas id. Voluptatibus qui et maxime nihil. Commodi earum nemo qui omnis quia dolores corrupti dolorem. Libero aut rem earum harum.','occaecati','899980',NULL,'2019-03-05 23:28:05','2019-09-08 19:57:37'),
('67','67','67','Qui in doloribus nulla totam iure. Non inventore commodi recusandae quasi laborum reiciendis. Maiores harum qui autem mollitia nihil hic. Illo quis aut voluptas odit et nesciunt fugiat.','non','3272440',NULL,'1977-02-17 05:47:21','2010-08-19 06:05:37'),
('68','68','68','Qui recusandae sit velit iste ipsum voluptatum et. Distinctio est rerum quis quo eveniet. Exercitationem adipisci dolor voluptatum nemo temporibus vel. Nihil molestias eos molestias.','accusamus','80478786',NULL,'1974-11-03 12:17:11','1995-01-09 04:26:18'),
('69','69','69','Laudantium sed eveniet harum optio et. Eum repellat rerum et alias quod sit aliquid. Accusantium dolore ad corrupti cum quis officia. Eum ad est iste et aut et nobis. Iusto sed voluptatem occaecati et.','temporibus','54147',NULL,'1981-02-18 00:18:03','1977-08-23 05:18:21'),
('70','70','70','Voluptatem qui sint deserunt. Aut laboriosam quia vitae laborum occaecati eum quisquam totam. In id qui officia quia et quas. Nemo incidunt aperiam voluptate ex.','explicabo','7072',NULL,'1991-06-12 19:44:33','1991-06-24 21:20:11'),
('71','71','71','Fugit quae placeat enim ut fugit voluptas. Cupiditate sapiente dicta ut ipsam itaque nulla. Est dolore sequi reprehenderit itaque tempore non. Sed maxime alias quidem necessitatibus aut accusamus. Illum deleniti voluptatem quia nulla.','ex','33',NULL,'2015-10-07 18:15:29','2002-04-23 19:05:36'),
('72','72','72','Debitis numquam debitis necessitatibus architecto inventore non aut. Non necessitatibus culpa amet laudantium. Iusto voluptatem eos omnis aut autem aut ut. Atque minima a dolorem ut eos. Voluptas quisquam temporibus quae dolores laborum.','iusto','727305',NULL,'1973-11-19 21:07:25','1976-09-20 08:37:50'),
('73','73','73','Molestiae ut expedita ex fuga blanditiis repudiandae. Nihil sint ipsa necessitatibus. Voluptates dolore voluptas sed saepe iusto ullam. Qui tenetur quia id optio id cupiditate.','velit','49',NULL,'2019-04-09 03:58:40','1970-05-14 07:39:06'),
('74','74','74','Sit omnis ducimus quas ea sint. A alias quam necessitatibus ea. Alias incidunt tempore voluptas accusamus est aut.','blanditiis','54510697',NULL,'2011-05-23 10:35:08','2013-09-19 21:26:34'),
('75','75','75','Rerum architecto blanditiis nihil quos illo sed omnis eos. Eius consequatur eum temporibus dolorem. Quis et sed delectus qui sed molestiae culpa ut. Aliquid aut dolor officia corrupti.','mollitia','745379',NULL,'2015-08-19 15:10:18','1998-05-28 22:48:04'),
('76','76','76','Voluptatem dolores earum dignissimos natus sit ut. Qui veritatis voluptas omnis necessitatibus velit aliquid quia velit. Recusandae molestiae placeat maiores repellendus nobis.','et','0',NULL,'1972-08-10 22:14:17','2015-07-19 13:28:24'),
('77','77','77','Et et magni possimus nulla nobis. Commodi placeat quia voluptatem. Ex omnis dignissimos aut totam deserunt corrupti. Qui assumenda adipisci dolorum alias ea consequatur nostrum.','eveniet','33848',NULL,'2015-06-14 02:25:42','1989-01-21 05:58:37'),
('78','78','78','Debitis alias voluptatem labore laboriosam facilis. Inventore consequatur quasi ipsam quis non vero. Rerum architecto ipsam sit aut. Laborum velit magni hic explicabo reiciendis enim aperiam autem.','ratione','673680316',NULL,'1973-10-05 07:11:19','2015-09-10 00:15:10'),
('79','79','79','Non et voluptas culpa voluptatem ut. Dolor quis commodi et totam sit in tempora. Culpa a amet dignissimos eius pariatur unde. In est nihil quibusdam id.','et','18100848',NULL,'1982-08-21 09:27:27','1981-09-03 12:33:43'),
('80','80','80','Assumenda quasi et excepturi eum nisi repellat. Omnis consequatur nemo odit. Iusto iure nostrum qui consectetur mollitia. Aspernatur tempore magni repudiandae harum officiis.','cumque','50645',NULL,'2006-03-26 23:12:20','1982-08-07 13:36:07'),
('81','81','81','Cumque sunt sed illo odit quis iure voluptas adipisci. Dicta rerum doloremque et quos id vel. Iure magnam perferendis id est alias.','provident','47632845',NULL,'1990-01-17 21:05:08','1985-06-02 23:02:31'),
('82','82','82','Dolores quis sequi deleniti voluptas aut maiores dicta. Et quaerat corporis qui illum nihil.','sit','3',NULL,'1977-12-02 20:00:05','2001-12-03 13:32:16'),
('83','83','83','Porro quia rem dolorum velit perspiciatis a minima sit. Odit facere sed voluptate corporis autem. Rem voluptas nihil deserunt quo magnam sapiente necessitatibus repellendus.','placeat','6250',NULL,'2014-01-25 11:28:53','2004-11-24 02:45:48'),
('84','84','84','Et vitae commodi itaque aliquid vitae vitae est. Corporis itaque suscipit voluptates quod in quia asperiores. Ea temporibus tempora harum amet sed sunt. Exercitationem velit laborum omnis optio qui est alias. Quos ut consequatur molestiae aliquid et ut ratione corporis.','cupiditate','629256423',NULL,'1985-08-16 03:18:11','1988-05-27 07:53:08'),
('85','85','85','Tempora et et vitae magnam explicabo. Esse voluptates iure qui placeat. Deleniti architecto quia omnis porro vel a illo. Eligendi dicta laboriosam accusamus eveniet magni.','enim','10241',NULL,'2004-02-13 20:35:58','1983-01-19 11:08:06'),
('86','86','86','Quia qui neque inventore commodi blanditiis molestiae ipsum et. Aut ex et et et qui. Qui molestias assumenda suscipit aut. Neque hic perferendis facilis iusto reiciendis voluptas. Cum cupiditate dolor totam non et quos.','architecto','7',NULL,'1993-11-12 20:13:14','2010-03-25 05:34:08'),
('87','87','87','Ipsum amet blanditiis et enim. Pariatur amet nulla ea voluptates nostrum voluptatibus. Sit aut voluptatibus asperiores eum illum aut.','dolor','388076',NULL,'2007-04-17 18:53:19','2002-11-19 06:24:12'),
('88','88','88','Velit facilis quo neque ea harum beatae numquam porro. Veritatis voluptates iusto ipsa reiciendis molestiae nostrum. Quia rem repellendus tempora qui quia enim vero rem. Consequatur quod accusamus dignissimos id qui eius.','reprehenderit','3179',NULL,'1986-07-02 03:05:27','1983-10-18 21:06:26'),
('89','89','89','Enim alias dolores quia. Quia tempora quod architecto earum atque doloribus dignissimos voluptatem.','et','53994398',NULL,'2005-12-26 19:15:26','2008-02-26 13:45:58'),
('90','90','90','Vel magnam molestias accusamus ad. Perferendis sint enim ut adipisci quod similique excepturi. Eveniet veniam dolor non rerum eius consequatur.','reprehenderit','0',NULL,'1987-04-01 09:51:04','2007-03-31 22:28:53'),
('91','91','91','Vitae et aut pariatur atque molestiae nemo. Porro odit odit natus quo est omnis voluptas. Aliquid temporibus et dolores. Commodi optio dolore vel qui dolore incidunt.','debitis','86',NULL,'1993-09-24 02:56:49','2009-05-01 07:26:37'),
('92','92','92','Debitis earum eos est nam dolore. Ea et excepturi optio perferendis. Voluptatem tempore ut beatae aut expedita nihil adipisci.','quis','39433',NULL,'2006-01-11 02:48:58','2016-06-16 03:20:27'),
('93','93','93','Est error aut animi dolorem facilis qui. Dignissimos voluptate in et soluta unde voluptatem. Et fugit praesentium et et non cumque.','qui','836',NULL,'1999-06-15 23:24:53','1971-05-16 20:10:46'),
('94','94','94','Aspernatur esse minus animi blanditiis ipsa distinctio est. Quas eius mollitia ea rerum debitis est tempora. Ab voluptatem et voluptatibus est quas.','ullam','67229099',NULL,'1995-02-24 03:38:12','1990-04-18 09:52:28'),
('95','95','95','Voluptates consectetur suscipit aut odio aut repellendus. Eum amet aperiam ex asperiores. Commodi eos voluptatem et suscipit. Enim quia qui in nulla ea.','eum','597975',NULL,'1970-09-17 01:40:50','2016-08-25 10:16:30'),
('96','96','96','Corporis ratione rerum consectetur dicta. Ut magni et nesciunt quod. Officiis et eos saepe magni ut velit. Dicta cumque aliquam ipsum reiciendis soluta sunt.','neque','7313',NULL,'2006-06-18 23:31:09','2011-08-07 01:03:30'),
('97','97','97','Sequi aspernatur ad aut molestiae quidem optio eligendi. Distinctio autem ratione quisquam sunt. Consequatur temporibus vero accusantium nesciunt doloribus minima suscipit.','debitis','94064',NULL,'2002-11-24 17:50:40','1982-10-31 13:41:15'),
('98','98','98','Possimus fugit est debitis dicta. Nam tempore labore consequatur est totam voluptas. Inventore at harum autem est iusto eaque et. Voluptas voluptates modi quas id laudantium odio. Consequatur omnis et amet exercitationem ipsa blanditiis velit.','corrupti','5201120',NULL,'1975-12-11 17:03:28','1982-05-30 08:40:53'),
('99','99','99','Sapiente minus sequi autem amet ut. Voluptatibus libero ipsum itaque ratione error dicta pariatur.','in','554',NULL,'1980-09-03 21:30:55','2001-06-05 01:48:30'),
('100','100','100','Sit rerum voluptates reprehenderit voluptate quasi. Sit quibusdam cupiditate perferendis quia. Ut nisi in voluptatem qui voluptates omnis sit eius. Neque repellendus ratione tempore commodi sequi earum assumenda.','eum','40',NULL,'1993-01-01 03:10:35','2003-12-27 21:47:18'); 


DROP TABLE IF EXISTS `media_types`;
CREATE TABLE `media_types` (
  `id` bigint(20) unsigned NOT NULL AUTO_INCREMENT,
  `name` varchar(255) COLLATE utf8_unicode_ci DEFAULT NULL,
  `created_at` datetime DEFAULT current_timestamp(),
  `updated_at` datetime DEFAULT current_timestamp() ON UPDATE current_timestamp(),
  PRIMARY KEY (`id`)
) ENGINE=InnoDB AUTO_INCREMENT=101 DEFAULT CHARSET=utf8 COLLATE=utf8_unicode_ci;

INSERT INTO `media_types` VALUES ('1','hic','1984-05-02 07:21:50','2004-01-28 20:13:00'),
('2','distinctio','2018-02-21 05:19:46','1986-02-05 02:46:26'),
('3','ipsam','1976-07-13 18:34:35','1982-08-19 18:06:51'),
('4','dignissimos','2015-03-09 22:02:16','2018-09-12 02:08:57'),
('5','est','2007-02-10 07:35:22','1985-07-12 14:28:12'),
('6','vero','1984-06-12 00:33:50','1977-12-03 00:48:39'),
('7','ut','1975-07-27 02:31:45','2010-09-09 17:43:56'),
('8','id','1971-03-16 16:31:55','1981-04-18 13:13:14'),
('9','libero','1973-10-13 02:50:48','2002-12-19 21:11:13'),
('10','ea','1997-05-19 04:16:20','1999-01-13 10:48:55'),
('11','sint','1997-04-03 10:16:28','1971-01-14 06:25:03'),
('12','quas','2019-02-24 13:35:46','1985-12-09 11:03:45'),
('13','est','1981-10-11 19:40:15','1997-06-05 20:32:11'),
('14','officiis','1980-03-31 22:11:35','1990-07-22 07:14:48'),
('15','nobis','1993-05-13 14:30:21','1992-10-19 11:56:57'),
('16','voluptas','2006-06-06 23:55:06','1974-08-06 11:01:30'),
('17','est','1999-03-02 06:39:59','1997-06-08 13:01:51'),
('18','repellat','1971-12-18 10:37:22','1972-03-30 08:59:47'),
('19','voluptatem','1988-04-03 02:23:52','1996-11-04 23:00:50'),
('20','libero','1999-07-31 18:12:30','1980-06-12 12:19:16'),
('21','qui','2011-08-25 21:32:06','1981-05-06 12:04:39'),
('22','sit','2012-09-07 10:15:22','1992-12-11 03:31:11'),
('23','debitis','1997-05-16 18:40:39','1990-08-15 14:47:38'),
('24','voluptatem','1977-12-14 09:25:39','2000-03-22 13:43:18'),
('25','eos','1987-10-11 10:54:28','1975-10-15 14:37:08'),
('26','molestias','2000-10-01 15:55:34','2000-04-26 22:21:15'),
('27','dolor','1993-08-29 02:08:37','2002-01-13 21:31:38'),
('28','quam','1982-07-20 23:01:07','1984-11-08 13:46:49'),
('29','dolorum','1992-02-17 06:12:45','2016-09-22 05:38:12'),
('30','laudantium','2011-10-12 22:07:06','1994-05-02 09:47:43'),
('31','eum','1977-08-19 06:28:51','2010-09-17 14:47:01'),
('32','quo','1991-07-24 13:25:54','1983-11-21 13:48:24'),
('33','voluptatibus','1985-03-17 14:25:21','1995-10-31 01:06:05'),
('34','ea','1990-07-08 08:46:13','1975-07-27 03:26:55'),
('35','rerum','2002-10-16 22:11:19','1974-12-27 05:01:18'),
('36','et','1986-10-31 09:05:19','2012-07-18 03:27:28'),
('37','voluptas','1985-12-31 07:37:10','1983-08-25 06:36:44'),
('38','consequatur','1994-02-10 19:36:05','1991-10-23 23:18:52'),
('39','quo','1977-06-23 06:58:32','2010-10-18 19:00:04'),
('40','ipsam','2013-11-08 00:44:33','1976-06-06 03:07:17'),
('41','omnis','2007-08-01 08:54:22','2007-08-11 18:27:31'),
('42','est','1986-04-23 03:11:58','1997-04-13 00:40:13'),
('43','ducimus','2012-11-02 11:16:21','1980-09-04 18:50:18'),
('44','aut','2014-12-30 01:36:42','1976-06-01 00:55:40'),
('45','voluptatem','1983-12-07 22:02:00','1970-03-09 08:12:42'),
('46','atque','1972-11-24 22:14:31','1985-09-13 20:48:08'),
('47','laborum','1980-04-27 17:45:24','1983-09-12 21:56:31'),
('48','possimus','1979-02-02 18:16:53','1993-10-26 01:35:56'),
('49','beatae','2004-06-05 07:06:01','2005-07-18 09:20:26'),
('50','amet','2011-06-26 09:11:31','1995-11-11 22:31:55'),
('51','minus','1972-08-29 14:31:18','2006-09-24 18:18:26'),
('52','expedita','1986-07-13 17:55:15','1996-10-29 01:07:52'),
('53','natus','1989-09-20 04:09:50','1982-08-04 11:31:48'),
('54','dignissimos','2005-05-22 13:50:56','1970-03-03 14:55:06'),
('55','eum','2018-07-22 19:43:04','1985-08-24 09:04:20'),
('56','non','1995-07-17 02:33:18','1989-06-16 12:34:59'),
('57','voluptas','1996-09-02 19:50:23','2006-01-31 18:59:12'),
('58','cumque','1976-11-30 23:22:44','2018-02-13 05:29:25'),
('59','minima','1985-01-27 01:46:02','1980-12-17 09:28:40'),
('60','assumenda','1994-07-18 13:30:49','2000-07-04 14:12:02'),
('61','quibusdam','2012-10-15 08:40:37','1986-11-03 15:14:27'),
('62','sint','1985-08-12 11:38:00','1988-12-16 07:42:36'),
('63','vel','1971-07-30 09:05:21','1976-11-20 17:29:41'),
('64','neque','1978-06-10 23:58:10','1987-02-09 04:45:38'),
('65','occaecati','1989-08-01 20:45:06','1999-08-27 20:37:55'),
('66','aperiam','1992-06-05 16:11:02','1982-11-14 00:43:13'),
('67','voluptas','1996-04-09 23:19:56','1975-12-27 09:12:08'),
('68','quia','2005-01-28 10:39:21','1971-09-05 20:26:01'),
('69','molestiae','1995-12-27 05:06:59','1977-12-03 14:19:13'),
('70','facilis','2017-01-01 04:34:06','2007-10-01 07:13:26'),
('71','officia','2014-09-06 08:54:14','1995-01-09 21:52:37'),
('72','et','2016-02-24 03:59:19','2007-10-02 14:02:15'),
('73','earum','1970-10-01 15:50:07','2005-05-31 13:46:28'),
('74','quod','1972-04-19 20:51:23','1989-03-01 20:58:13'),
('75','possimus','2019-01-23 05:36:07','1979-10-28 16:15:27'),
('76','eaque','2017-11-08 21:35:26','2004-06-03 17:22:33'),
('77','occaecati','1978-03-08 21:12:46','1970-12-05 04:43:57'),
('78','quia','1988-05-27 11:41:30','1978-04-03 09:37:00'),
('79','voluptas','1989-08-25 14:11:25','1976-02-10 04:29:53'),
('80','nulla','1983-09-21 19:24:52','2000-10-16 21:38:28'),
('81','est','1975-04-15 13:10:27','1984-09-05 23:54:54'),
('82','rerum','1975-04-04 11:51:18','1988-12-14 02:43:40'),
('83','quia','2014-04-24 19:09:14','1979-08-01 12:31:31'),
('84','consequuntur','1994-12-16 23:58:15','2011-06-26 16:03:36'),
('85','quia','1977-02-16 13:16:43','2012-07-14 00:44:25'),
('86','tempora','1972-10-29 17:01:51','2001-04-07 01:34:11'),
('87','et','2005-05-16 18:55:53','2007-03-01 06:19:46'),
('88','odit','1990-06-29 14:41:27','1994-07-08 22:36:52'),
('89','exercitationem','2001-05-24 01:21:08','1973-06-17 06:00:37'),
('90','officiis','1983-09-02 10:43:01','2013-08-27 20:42:09'),
('91','vel','1971-10-09 04:13:07','2017-11-25 07:40:00'),
('92','quidem','1992-03-01 10:56:37','1985-08-05 05:01:22'),
('93','dolorem','2010-01-07 14:22:42','1992-10-06 04:53:58'),
('94','in','2013-06-16 16:35:17','1996-08-07 15:20:56'),
('95','doloribus','1999-05-07 09:31:07','1973-08-11 15:02:01'),
('96','odio','2003-10-26 15:07:51','1996-03-05 19:08:03'),
('97','necessitatibus','1978-08-27 03:16:37','2018-01-23 14:21:40'),
('98','sed','1973-01-08 03:21:42','1972-08-10 06:31:20'),
('99','eaque','1986-10-26 03:00:21','1988-11-20 08:39:40'),
('100','in','1982-03-11 15:30:57','1986-01-24 19:36:23'); 


DROP TABLE IF EXISTS `messages`;
CREATE TABLE `messages` (
  `id` bigint(20) unsigned NOT NULL AUTO_INCREMENT,
  `from_user_id` bigint(20) unsigned NOT NULL,
  `to_user_id` bigint(20) unsigned NOT NULL,
  `body` text COLLATE utf8_unicode_ci DEFAULT NULL,
  `created_at` datetime DEFAULT current_timestamp(),
  PRIMARY KEY (`id`),
  KEY `messages_from_user_id` (`from_user_id`),
  KEY `messages_to_user_id` (`to_user_id`),
  CONSTRAINT `messages_ibfk_1` FOREIGN KEY (`from_user_id`) REFERENCES `users` (`id`),
  CONSTRAINT `messages_ibfk_2` FOREIGN KEY (`to_user_id`) REFERENCES `users` (`id`)
) ENGINE=InnoDB AUTO_INCREMENT=101 DEFAULT CHARSET=utf8 COLLATE=utf8_unicode_ci;

INSERT INTO `messages` VALUES ('1','1','1','Praesentium numquam nostrum itaque quis numquam officia voluptatibus. Rem ipsam minus illo minus reiciendis labore eum. Porro autem ut ipsa aliquid quos.','2010-06-06 20:45:36'),
('2','2','2','Quo quos deleniti unde soluta non sint consequatur. Et quos placeat est nisi corrupti in eius. Accusantium quod omnis dolores beatae quia odit voluptatem.','2017-07-31 08:57:53'),
('3','3','3','Error nam ipsa quasi natus earum est. Modi facilis sunt ab alias dolor aspernatur officia asperiores. Laborum tenetur ea libero enim. Enim suscipit est rem libero animi.','1992-05-01 16:32:50'),
('4','4','4','Quia nisi sequi sunt corrupti enim. Laudantium ducimus et ea hic. Qui sunt maiores debitis quia rerum ut.','2009-12-24 20:38:21'),
('5','5','5','Blanditiis enim repudiandae illum architecto. Hic sequi nemo repudiandae. Nemo delectus voluptate reiciendis corporis accusantium odit. Ut sit inventore ducimus dolorem.','1984-01-30 12:44:58'),
('6','6','6','Sit harum deserunt sed sed quia asperiores. Voluptas eum est molestiae qui harum. Est architecto numquam optio fugiat atque molestiae adipisci rerum.','2000-10-06 10:27:10'),
('7','7','7','Omnis ratione ut aperiam dolor eum quia. Repellendus non explicabo ipsa et ducimus. Aut et est aut et voluptatem.','1973-04-02 07:54:56'),
('8','8','8','Laboriosam qui voluptatibus nemo. Illo facere omnis sed voluptas rerum atque aut. Accusamus nulla aperiam rem voluptas nulla est. Ex et quaerat facilis.','2002-01-03 18:28:18'),
('9','9','9','Veniam rem in consequatur perspiciatis dolorum quis velit. Et perspiciatis quod velit natus rerum porro. Aspernatur neque quibusdam tempore voluptatem omnis veniam.','2013-09-22 02:40:39'),
('10','10','10','Consequuntur alias necessitatibus quae explicabo ducimus quae. Iusto quo eius porro autem officiis dignissimos. Sed ut voluptas ducimus eveniet nisi aut tenetur. Earum est qui quia fugit quae non.','1981-09-13 01:47:06'),
('11','11','11','Neque quia illo at soluta ad velit quod. Autem possimus in vel ullam a sit velit. Occaecati alias eum adipisci aut corrupti nisi.','1988-09-12 19:03:20'),
('12','12','12','In in cupiditate assumenda adipisci. Tempore sapiente unde molestiae deserunt aut amet. Placeat sit impedit et modi. Harum occaecati aut vel qui nesciunt magnam.','1985-08-20 09:29:44'),
('13','13','13','Labore praesentium molestiae quo distinctio et. Ipsum dolorum impedit rem. Magnam quae maxime debitis occaecati facilis est quia.','2009-10-04 00:26:41'),
('14','14','14','Sunt molestiae aspernatur quos. Quis soluta quia ipsam magnam qui beatae sunt qui. Dolor suscipit odit maiores quis adipisci dolorum.','1991-02-21 13:33:41'),
('15','15','15','Tenetur ullam qui non earum voluptas enim quidem. Qui explicabo esse rem quis et ipsa. Et pariatur sint repellendus qui quos. Odit numquam omnis ea officiis.','1979-04-23 15:41:41'),
('16','16','16','Eius dolorem illo officia. Voluptatem enim accusamus quas illo necessitatibus culpa. Quas et possimus sed ipsa voluptas.','2008-08-02 21:49:11'),
('17','17','17','Non ut aspernatur fugiat quaerat unde est eius totam. Repudiandae quia dolor velit tenetur ab quaerat quo. Qui iusto impedit non voluptatem quo nihil.','1970-07-27 20:08:13'),
('18','18','18','Ea et et dolor nobis illum et. Nihil non aut nisi eaque. Autem ut rerum laboriosam quis.','2005-10-09 08:31:36'),
('19','19','19','Accusamus facilis sed sed adipisci recusandae sed est sunt. Dolorem assumenda rerum eius voluptatem non ab perspiciatis ut. Nihil soluta error qui maiores.','2011-11-18 12:59:32'),
('20','20','20','Rerum quia ut deserunt eligendi sit. Iste voluptatem sit et nostrum unde exercitationem. Sunt et quidem distinctio qui ipsa tempora. Omnis dolorem nobis quo voluptate.','1987-06-09 03:51:59'),
('21','21','21','Voluptatem molestiae qui saepe dolorum. Quia possimus reiciendis non eum laboriosam non. Sit et et eos minus ut.','1987-10-22 19:18:34'),
('22','22','22','Iure incidunt sunt quis et quam temporibus. Architecto reprehenderit in qui sit voluptatem libero alias consequatur. Ut et officiis eum reprehenderit enim.','1993-10-05 03:44:50'),
('23','23','23','Repellendus odio quod occaecati ab. Ea aut eveniet voluptate magni amet. Totam et perferendis enim quos blanditiis cum amet. Quas voluptate quisquam saepe aliquid.','1983-11-19 04:51:05'),
('24','24','24','Ipsum cumque totam ut qui quidem. In voluptatem maiores ut facere cupiditate. Vel tempore ut doloremque non possimus.','1970-09-30 16:18:48'),
('25','25','25','Corrupti tempora illum et rem voluptatum necessitatibus officiis. Id consequuntur incidunt quos deserunt aliquam veniam ut. Dolores eos rerum voluptas nihil quia error molestiae perferendis.','1974-03-21 20:50:18'),
('26','26','26','A qui amet neque adipisci. Et ad exercitationem provident iste odit. Velit repudiandae et voluptate rem porro.','1973-07-12 23:45:32'),
('27','27','27','Quos dolor nihil in maxime sed exercitationem. Qui quas sequi doloribus autem consequatur ab dolores. At laudantium laudantium et et corporis similique. Rerum qui exercitationem incidunt commodi expedita in.','1993-03-25 06:23:59'),
('28','28','28','Est molestiae est possimus doloribus. Nobis quas doloremque est blanditiis eveniet inventore sint voluptates. Adipisci ut perferendis non consectetur et accusamus atque. Quia sunt maiores est quidem beatae qui.','2012-04-18 03:20:04'),
('29','29','29','Nobis sed distinctio ut illum. Tempore ad itaque earum ut sunt. Voluptates accusantium in velit quisquam aut enim nemo. Incidunt fuga nobis et omnis deleniti dolor.','1994-10-19 07:08:37'),
('30','30','30','Tempora voluptatem aliquam odio sint molestias vel autem. Dolores iure laborum corrupti eum ab rem rerum. Nemo non sit nesciunt occaecati aperiam. Aut iusto provident aut numquam hic delectus.','1971-03-05 21:02:44'),
('31','31','31','Nihil autem facilis quae delectus recusandae et. Sed ut tempora reprehenderit. Beatae reprehenderit vel ea doloremque. Nam corporis dolorem soluta quasi.','1992-11-24 10:26:07'),
('32','32','32','Quam animi eaque sed nemo dicta. Et esse explicabo laudantium et. Necessitatibus vel rem molestiae ut.','1977-08-30 15:27:15'),
('33','33','33','Maiores est temporibus voluptatem quod. Animi molestias architecto deleniti autem et. Nam officia rem qui. Tempore facilis molestiae et.','1993-05-29 01:15:10'),
('34','34','34','Quas ab cupiditate quisquam repellat odit. Quasi est assumenda perferendis cum non. Voluptates officiis quidem consequatur ipsum eos.','2002-01-01 19:07:54'),
('35','35','35','Ducimus similique labore sequi eaque ut. Est dolorem neque necessitatibus saepe pariatur. Accusantium soluta maxime aperiam quidem repudiandae dolorum possimus. Facere distinctio dolor nisi.','2006-06-11 14:36:53'),
('36','36','36','Iusto quos repellat cum repellat. Autem sed et consequatur ut consectetur unde voluptas. Et aut sint tempore molestiae neque minima.','1978-10-06 18:52:42'),
('37','37','37','Temporibus minus suscipit veritatis voluptatem. Saepe est omnis sed voluptatum molestiae sunt sunt dolorem. Repudiandae iusto repudiandae voluptatem laborum minima sit. Veritatis ullam quis debitis error.','1998-11-24 12:26:28'),
('38','38','38','Vero molestiae excepturi culpa maiores. Eum quos ipsam quo consequatur.','2001-09-05 17:49:44'),
('39','39','39','Aut aut excepturi sint odio deserunt ut a facilis. Quia nihil placeat perferendis. Ut illum voluptas unde error et ea dolorum.','2005-05-23 21:16:56'),
('40','40','40','Qui deleniti eos fugiat voluptatum consectetur ea. Aut qui nostrum nisi. Dicta voluptas aspernatur eaque.','2001-01-11 13:35:44'),
('41','41','41','Minima animi cum ipsum. Aut rem porro repellat perferendis ducimus ut voluptatem est. Qui quo dolore hic reiciendis velit tempora. Dolor quam alias sed.','1972-06-19 22:16:10'),
('42','42','42','Laboriosam odit minima neque omnis maxime cumque. Et dolores aliquam laudantium accusamus id modi. Qui autem neque harum nihil tempora et.','2004-12-11 17:01:38'),
('43','43','43','Id quis accusantium in facilis eveniet doloremque. Enim debitis ut minima. Et mollitia deserunt tempora ut sit beatae et. Deserunt eaque iure deserunt.','2001-06-11 04:16:23'),
('44','44','44','Qui minus rerum nemo quia porro. Ut sed voluptatum eveniet excepturi enim sint. Voluptatibus adipisci a amet optio ea in ducimus.','2000-03-15 07:23:46'),
('45','45','45','Fugiat ullam nisi cumque ut minus consequatur. Illum doloribus aut et ad aut dolores quis. Sit inventore architecto ab explicabo laudantium unde.','2006-03-04 17:12:12'),
('46','46','46','Nisi consequatur delectus ratione. Quaerat et quia esse necessitatibus est nihil. Unde dignissimos ut amet illum repellendus laborum dolorum cupiditate.','2006-02-06 01:57:07'),
('47','47','47','Enim minus doloribus magni ea. Deserunt ipsum rerum sunt et labore modi. Reiciendis suscipit magni rerum velit eum distinctio ea. Sunt ullam impedit sunt velit qui ullam labore.','1974-06-18 21:59:54'),
('48','48','48','Sit consequuntur necessitatibus nihil. Vitae non dolor maxime et omnis qui quia. Repellat omnis in ut quasi non. Fugiat optio facere architecto.','1999-02-20 02:25:19'),
('49','49','49','Fugit culpa animi nisi non aliquam voluptatem. Quo aliquam deleniti voluptatem quod quae. Porro commodi eum maiores ducimus eius quaerat facilis.','2014-05-10 12:53:58'),
('50','50','50','Et est voluptas vel ipsa accusamus quia. Veritatis qui nihil qui consequatur autem ipsum deleniti. Ducimus deleniti perspiciatis a nemo facilis expedita fugit.','2005-02-11 06:55:41'),
('51','51','51','Quas omnis quis sit aut. Quam dolorem eos recusandae est non laborum. Modi cumque hic et dolorem deleniti saepe. Sint aut numquam aut soluta.','1979-11-12 03:25:40'),
('52','52','52','Esse eum iusto aut. Repellendus magnam aut rerum autem ad quidem et. Ut ea minus libero hic. Aut harum perspiciatis enim aut et eos dolores veniam. Rerum animi ullam ut rem voluptatem magni dolores.','1999-05-28 04:38:27'),
('53','53','53','Voluptatem qui repudiandae inventore. Pariatur harum velit quibusdam numquam quia. Explicabo est vel dicta. Sit perferendis velit error dolores magnam excepturi id qui. Numquam nam minus molestiae fuga maxime.','1986-04-01 06:55:10'),
('54','54','54','Qui reprehenderit aut harum unde nihil neque. Sed inventore a et voluptatum. Sunt qui deleniti ea corrupti totam eos omnis.','1979-11-17 17:27:42'),
('55','55','55','Aut vel repellendus sunt cupiditate perspiciatis possimus. Quia iure voluptatem blanditiis occaecati. Ipsa qui accusamus omnis blanditiis rerum qui. Voluptatibus ea praesentium error.','2001-03-20 06:36:29'),
('56','56','56','Eos adipisci temporibus ut voluptas. Officia consectetur eligendi quia beatae. Quidem sit nostrum culpa cupiditate quo earum eum. Eos illum fuga excepturi est.','1978-12-23 04:07:57'),
('57','57','57','Quia dolore optio non esse facere quasi. Voluptatibus fugiat nemo iusto autem et laborum illum. Alias atque dolor reiciendis quo est. Quis facilis suscipit dolores non enim qui ipsum.','1995-07-02 10:45:55'),
('58','58','58','Quo molestiae totam quidem enim ea. Est iusto at officiis ipsa eos. Qui sunt qui quos animi sequi similique. Cupiditate ipsa ducimus similique quod praesentium atque suscipit.','2014-09-02 02:08:08'),
('59','59','59','Facilis explicabo ipsam ut sint ad. Ut sed explicabo excepturi vel libero quidem aliquam.','1995-10-04 17:07:55'),
('60','60','60','Vel delectus culpa omnis architecto. Iusto voluptates quas qui vero. Occaecati hic at adipisci quia perspiciatis dolores voluptatum. Nam voluptas vitae nostrum praesentium.','1983-01-08 23:26:51'),
('61','61','61','Nam non labore laudantium aut corrupti ipsam aspernatur. Ab ipsa sit voluptates ut modi nam. Quas suscipit nesciunt velit cumque ut accusamus. Architecto est accusamus in nihil.','1975-01-06 00:12:57'),
('62','62','62','Vitae iste harum est eligendi ipsa voluptas adipisci. Est eaque nobis sequi ut odit et. Eligendi sunt officia expedita aut asperiores eos. Non assumenda aut qui velit molestias quo corporis.','2000-04-14 12:58:43'),
('63','63','63','Eum minus et ut soluta. Eligendi consequatur omnis at rerum eligendi aliquid. Doloribus quae voluptatibus minus sapiente et iusto vitae. Officiis voluptatem iusto quibusdam aliquid et ab.','2006-12-07 01:20:58'),
('64','64','64','Itaque alias enim aliquam. Consequatur quos earum qui quae maiores. Tenetur deleniti deleniti in occaecati sed tempore. Modi in et esse explicabo qui repellendus recusandae.','2010-08-10 20:40:43'),
('65','65','65','Explicabo ut ex ab labore tenetur voluptatem placeat. Eaque nam veniam aut debitis ut.','2019-12-31 23:31:38'),
('66','66','66','Non alias aliquid voluptas et. Qui eius rerum nihil velit. Eum consequatur architecto perferendis laborum fugit autem aut in. Laboriosam beatae ut tempora vero voluptate laborum.','1972-04-28 19:54:49'),
('67','67','67','Iure laboriosam autem alias animi sequi eaque maxime. Autem magnam porro perferendis sed magni est pariatur. Laudantium saepe ratione error eius.','2003-08-18 00:59:46'),
('68','68','68','Ut quos provident qui. Ipsum a quibusdam maxime eius velit dolor quia quia. Autem fuga ipsa labore non.','1980-10-22 11:36:55'),
('69','69','69','Rerum autem consequatur rem corrupti aut quam maiores voluptas. Sint accusamus qui laborum ut ut qui voluptatem. Quibusdam optio autem voluptatem quod autem dolor. Culpa eius ea aut blanditiis dolore minima autem.','2001-07-13 19:49:56'),
('70','70','70','Qui nihil rem qui similique ipsa. Repellat tenetur totam fugiat voluptatem quidem eveniet. Quam quia perspiciatis odio repudiandae.','2015-11-13 11:35:15'),
('71','71','71','Qui alias debitis est quibusdam consequuntur qui. Fuga est laborum sapiente ducimus et. Saepe reiciendis dolorem est debitis qui.','2003-12-26 11:56:54'),
('72','72','72','Et harum est voluptates officia numquam dolores vel. Rerum et ut dolorem et esse est neque. Rerum et enim consequatur consequuntur natus.','2015-07-06 08:18:58'),
('73','73','73','Voluptas quisquam voluptates et reprehenderit impedit harum exercitationem. Deserunt quod inventore earum. Sit voluptas ex eaque rerum sit commodi cum aliquid.','1997-05-31 09:27:31'),
('74','74','74','Maiores asperiores nesciunt quisquam sapiente quae. Qui fugiat magnam est fuga atque est. Voluptas aut deleniti ut et quia. Ratione et nesciunt nobis ea exercitationem.','2004-04-17 04:09:16'),
('75','75','75','Sed in corrupti corrupti qui odit. Dolor possimus alias voluptatibus voluptatem. Aliquam molestias in molestiae vel et suscipit.','2007-10-14 16:57:02'),
('76','76','76','Aut eveniet at doloribus enim in aperiam eligendi. Labore qui nihil deleniti omnis. Dolorum ad rerum voluptates mollitia saepe qui.','1976-05-12 02:51:20'),
('77','77','77','Velit corporis qui corporis. Aliquam nihil qui magni impedit fuga. Eos quod dolor dicta sequi rerum aut. Maxime consequatur vitae mollitia animi.','2018-12-10 03:14:29'),
('78','78','78','Culpa eum assumenda ut sint voluptates eos. Asperiores illo aliquid occaecati vero quibusdam nobis rerum non. Ea quis quo qui nesciunt deserunt atque.','1970-11-10 12:36:10'),
('79','79','79','Placeat rerum cum quam consectetur molestias eos sed sit. Qui est quam ipsa id eos aliquam voluptates. Autem iusto aut commodi libero perspiciatis.','1992-10-10 18:27:04'),
('80','80','80','Et dicta et laborum temporibus. Corrupti cum omnis est ut dolorem.','2005-07-10 04:55:54'),
('81','81','81','At et est eius omnis aut sunt asperiores. Qui aut et reiciendis ut est qui atque. Ratione omnis asperiores libero voluptatem.','1987-09-15 11:17:09'),
('82','82','82','Temporibus ad ratione velit. Qui alias commodi eos deleniti velit. Alias aut recusandae omnis expedita consequatur dolor.','2006-02-03 08:30:07'),
('83','83','83','Animi incidunt voluptatibus harum libero omnis corporis soluta voluptatum. Eligendi mollitia explicabo et reprehenderit enim adipisci et. Quo maxime esse aut. Ea repellendus qui dolorem laboriosam rerum.','2007-01-22 21:18:39'),
('84','84','84','Ad illum tempore ipsa autem aut esse autem. Sit quas iure nihil omnis. Labore facere quia laborum quae eos fugiat eaque. Et libero reprehenderit velit ea.','1978-05-27 03:32:46'),
('85','85','85','Est provident rerum impedit. Error maxime odio reprehenderit qui corporis tempora et. Sed eveniet saepe ducimus aut sint vel.','2004-10-13 01:06:05'),
('86','86','86','Voluptatibus dolor sed dolorum quisquam repudiandae. Praesentium deleniti necessitatibus id et ipsa omnis. A aut sunt enim.','1999-09-28 17:00:57'),
('87','87','87','Ut non praesentium harum aut. A in qui aut hic quis consectetur vero. Dolorem aut ut iste enim dolorum qui quo voluptates.','1983-11-15 15:39:19'),
('88','88','88','Molestiae eum aut perspiciatis inventore quasi non vitae. Id et repellat qui. Quod eum quia tempore.','1996-01-21 09:23:16'),
('89','89','89','Labore consequuntur magni ratione officia cumque quae. Quaerat ratione incidunt nesciunt facere. Vel enim et cum mollitia ducimus placeat ullam. Nostrum quae laborum ipsam nihil deserunt odio temporibus excepturi.','2006-03-30 10:19:51'),
('90','90','90','Natus incidunt placeat quod officia rerum. Repudiandae debitis omnis nam incidunt voluptates nemo. Cumque qui et est. Voluptatum illo delectus distinctio ipsum corporis.','2015-12-13 07:57:44'),
('91','91','91','Enim asperiores omnis ratione asperiores. Quia a enim at eos dolorem ea. Nam ea aut qui est et excepturi dolor. Facere velit libero libero quia quia enim praesentium temporibus.','2011-11-05 19:35:41'),
('92','92','92','Et est sit deleniti est delectus animi. Suscipit deleniti sit animi neque. Veniam minus facere ab voluptas et eos.','1991-03-05 02:19:27'),
('93','93','93','Nihil labore recusandae sunt accusantium rerum officiis molestiae. Est ullam sed ut aspernatur excepturi quia animi. Enim dignissimos aut qui.','1976-09-15 19:47:56'),
('94','94','94','Distinctio ut et nobis. Eaque aut incidunt amet vel. Aut aut odio voluptatum odit.','2000-11-13 13:42:14'),
('95','95','95','Reiciendis hic et minus laborum. Quisquam in sit omnis sed rerum dignissimos. Eum ut consequatur ipsam repellat accusantium. Qui ullam at sed culpa architecto cum. Quas impedit hic facilis saepe sed sed.','1984-02-09 21:07:04'),
('96','96','96','Eos eligendi suscipit vitae sed voluptas officia quisquam doloribus. Sed voluptatibus eaque officia officia ipsa earum iure maiores. Distinctio voluptatem quos odio placeat quia aliquam. Dicta enim est accusamus.','1976-03-10 18:30:03'),
('97','97','97','Tempore qui perferendis aut aut in omnis culpa. Ut nihil quibusdam tempore asperiores iste ut. Velit dolorem ut possimus minus eum.','1998-08-19 17:22:00'),
('98','98','98','Ex voluptatem quia voluptatem quas aperiam. Architecto architecto aut et facilis voluptate. Ipsa impedit in quod sint consectetur ea magni. Occaecati non velit fugit iusto laboriosam.','1988-12-14 16:00:53'),
('99','99','99','Molestias tenetur est aut sed. Temporibus iste et delectus officia temporibus. Inventore maxime pariatur voluptatem nam at.','1997-01-16 16:46:42'),
('100','100','100','Consequatur et omnis quia enim. Praesentium odit error ea nesciunt quasi at sed. Iste ut hic sint iusto quibusdam aut sint.','2012-06-12 03:32:31'); 


DROP TABLE IF EXISTS `photo_albums`;
CREATE TABLE `photo_albums` (
  `id` bigint(20) unsigned NOT NULL AUTO_INCREMENT,
  `name` varchar(255) COLLATE utf8_unicode_ci DEFAULT NULL,
  `user_id` bigint(20) unsigned DEFAULT NULL,
  PRIMARY KEY (`id`),
  UNIQUE KEY `id` (`id`),
  KEY `user_id` (`user_id`),
  CONSTRAINT `photo_albums_ibfk_1` FOREIGN KEY (`user_id`) REFERENCES `users` (`id`)
) ENGINE=InnoDB AUTO_INCREMENT=101 DEFAULT CHARSET=utf8 COLLATE=utf8_unicode_ci;

INSERT INTO `photo_albums` VALUES ('1','dolor','1'),
('2','exercitationem','2'),
('3','fuga','3'),
('4','eaque','4'),
('5','et','5'),
('6','voluptatum','6'),
('7','debitis','7'),
('8','quo','8'),
('9','veniam','9'),
('10','dolorem','10'),
('11','laboriosam','11'),
('12','excepturi','12'),
('13','est','13'),
('14','soluta','14'),
('15','dolorum','15'),
('16','sed','16'),
('17','voluptatem','17'),
('18','tempore','18'),
('19','ipsum','19'),
('20','labore','20'),
('21','est','21'),
('22','velit','22'),
('23','beatae','23'),
('24','consequatur','24'),
('25','voluptatem','25'),
('26','suscipit','26'),
('27','voluptatem','27'),
('28','omnis','28'),
('29','consectetur','29'),
('30','et','30'),
('31','suscipit','31'),
('32','alias','32'),
('33','ratione','33'),
('34','asperiores','34'),
('35','asperiores','35'),
('36','iure','36'),
('37','repellendus','37'),
('38','ut','38'),
('39','maxime','39'),
('40','ut','40'),
('41','quis','41'),
('42','voluptatibus','42'),
('43','dolor','43'),
('44','voluptas','44'),
('45','et','45'),
('46','provident','46'),
('47','maxime','47'),
('48','dolorem','48'),
('49','laboriosam','49'),
('50','excepturi','50'),
('51','aut','51'),
('52','omnis','52'),
('53','sit','53'),
('54','explicabo','54'),
('55','voluptatem','55'),
('56','aut','56'),
('57','dolorem','57'),
('58','sunt','58'),
('59','et','59'),
('60','voluptas','60'),
('61','assumenda','61'),
('62','fugit','62'),
('63','a','63'),
('64','explicabo','64'),
('65','quisquam','65'),
('66','doloribus','66'),
('67','repudiandae','67'),
('68','ea','68'),
('69','nihil','69'),
('70','tempore','70'),
('71','tenetur','71'),
('72','non','72'),
('73','non','73'),
('74','fugit','74'),
('75','aut','75'),
('76','neque','76'),
('77','ratione','77'),
('78','occaecati','78'),
('79','quibusdam','79'),
('80','consequatur','80'),
('81','unde','81'),
('82','dicta','82'),
('83','odio','83'),
('84','temporibus','84'),
('85','in','85'),
('86','quibusdam','86'),
('87','autem','87'),
('88','sapiente','88'),
('89','quasi','89'),
('90','magnam','90'),
('91','officiis','91'),
('92','perspiciatis','92'),
('93','molestias','93'),
('94','dicta','94'),
('95','voluptas','95'),
('96','voluptas','96'),
('97','amet','97'),
('98','illum','98'),
('99','ab','99'),
('100','earum','100'); 


DROP TABLE IF EXISTS `photos`;
CREATE TABLE `photos` (
  `id` bigint(20) unsigned NOT NULL AUTO_INCREMENT,
  `album_id` bigint(20) unsigned NOT NULL,
  `media_id` bigint(20) unsigned NOT NULL,
  PRIMARY KEY (`id`),
  KEY `album_id` (`album_id`),
  KEY `media_id` (`media_id`),
  CONSTRAINT `photos_ibfk_1` FOREIGN KEY (`album_id`) REFERENCES `photo_albums` (`id`),
  CONSTRAINT `photos_ibfk_2` FOREIGN KEY (`media_id`) REFERENCES `media` (`id`)
) ENGINE=InnoDB AUTO_INCREMENT=101 DEFAULT CHARSET=utf8 COLLATE=utf8_unicode_ci;

INSERT INTO `photos` VALUES ('1','1','1'),
('2','2','2'),
('3','3','3'),
('4','4','4'),
('5','5','5'),
('6','6','6'),
('7','7','7'),
('8','8','8'),
('9','9','9'),
('10','10','10'),
('11','11','11'),
('12','12','12'),
('13','13','13'),
('14','14','14'),
('15','15','15'),
('16','16','16'),
('17','17','17'),
('18','18','18'),
('19','19','19'),
('20','20','20'),
('21','21','21'),
('22','22','22'),
('23','23','23'),
('24','24','24'),
('25','25','25'),
('26','26','26'),
('27','27','27'),
('28','28','28'),
('29','29','29'),
('30','30','30'),
('31','31','31'),
('32','32','32'),
('33','33','33'),
('34','34','34'),
('35','35','35'),
('36','36','36'),
('37','37','37'),
('38','38','38'),
('39','39','39'),
('40','40','40'),
('41','41','41'),
('42','42','42'),
('43','43','43'),
('44','44','44'),
('45','45','45'),
('46','46','46'),
('47','47','47'),
('48','48','48'),
('49','49','49'),
('50','50','50'),
('51','51','51'),
('52','52','52'),
('53','53','53'),
('54','54','54'),
('55','55','55'),
('56','56','56'),
('57','57','57'),
('58','58','58'),
('59','59','59'),
('60','60','60'),
('61','61','61'),
('62','62','62'),
('63','63','63'),
('64','64','64'),
('65','65','65'),
('66','66','66'),
('67','67','67'),
('68','68','68'),
('69','69','69'),
('70','70','70'),
('71','71','71'),
('72','72','72'),
('73','73','73'),
('74','74','74'),
('75','75','75'),
('76','76','76'),
('77','77','77'),
('78','78','78'),
('79','79','79'),
('80','80','80'),
('81','81','81'),
('82','82','82'),
('83','83','83'),
('84','84','84'),
('85','85','85'),
('86','86','86'),
('87','87','87'),
('88','88','88'),
('89','89','89'),
('90','90','90'),
('91','91','91'),
('92','92','92'),
('93','93','93'),
('94','94','94'),
('95','95','95'),
('96','96','96'),
('97','97','97'),
('98','98','98'),
('99','99','99'),
('100','100','100'); 


DROP TABLE IF EXISTS `profiles`;
CREATE TABLE `profiles` (
  `user_id` bigint(20) unsigned NOT NULL AUTO_INCREMENT,
  `gender` char(1) COLLATE utf8_unicode_ci DEFAULT NULL,
  `birthday` date DEFAULT NULL,
  `photo_id` bigint(20) unsigned DEFAULT NULL,
  `created_at` datetime DEFAULT current_timestamp(),
  `hometown` varchar(100) COLLATE utf8_unicode_ci DEFAULT NULL,
  PRIMARY KEY (`user_id`),
  CONSTRAINT `profiles_ibfk_1` FOREIGN KEY (`user_id`) REFERENCES `users` (`id`) ON UPDATE CASCADE
) ENGINE=InnoDB AUTO_INCREMENT=101 DEFAULT CHARSET=utf8 COLLATE=utf8_unicode_ci;

INSERT INTO `profiles` VALUES ('1',NULL,'1971-03-13','1','1998-04-21 09:14:07',NULL),
('2',NULL,'1994-08-30','2','1985-08-01 03:24:25',NULL),
('3',NULL,'2009-12-17','3','1987-01-21 07:40:23',NULL),
('4',NULL,'1985-07-27','4','1975-09-28 00:52:02',NULL),
('5',NULL,'1987-02-22','5','1979-06-23 16:05:54',NULL),
('6',NULL,'2014-09-28','6','1979-01-09 03:14:26',NULL),
('7',NULL,'1999-09-14','7','1971-07-22 21:18:07',NULL),
('8',NULL,'1984-04-07','8','1980-11-30 03:40:12',NULL),
('9',NULL,'1994-09-11','9','1989-11-01 13:13:53',NULL),
('10',NULL,'1993-11-24','10','2009-08-17 11:55:49',NULL),
('11',NULL,'2011-01-09','11','2014-12-21 17:04:46',NULL),
('12',NULL,'1980-06-01','12','1983-09-05 03:57:08',NULL),
('13',NULL,'2008-12-28','13','2003-06-26 21:02:36',NULL),
('14',NULL,'2013-10-30','14','1999-12-10 11:57:11',NULL),
('15',NULL,'2009-08-11','15','1998-11-18 12:04:55',NULL),
('16',NULL,'1999-05-14','16','1973-10-22 02:37:21',NULL),
('17',NULL,'1988-03-30','17','1992-11-07 19:22:17',NULL),
('18',NULL,'2017-03-11','18','2006-03-15 16:52:53',NULL),
('19',NULL,'1996-11-28','19','2012-10-01 07:05:57',NULL),
('20',NULL,'1983-03-14','20','2020-02-20 16:26:44',NULL),
('21',NULL,'1996-01-26','21','1975-01-18 00:50:10',NULL),
('22',NULL,'2013-11-01','22','2005-04-04 07:50:26',NULL),
('23',NULL,'2006-06-12','23','2004-02-29 14:42:19',NULL),
('24',NULL,'1989-11-03','24','2019-02-04 18:35:20',NULL),
('25',NULL,'2009-03-23','25','2016-11-20 10:08:52',NULL),
('26',NULL,'2010-05-15','26','2004-08-26 08:06:26',NULL),
('27',NULL,'1975-11-29','27','1998-09-01 19:32:12',NULL),
('28',NULL,'2019-10-11','28','2006-03-23 04:14:04',NULL),
('29',NULL,'1989-08-20','29','1970-08-05 00:54:06',NULL),
('30',NULL,'1985-11-13','30','2010-10-07 20:51:54',NULL),
('31',NULL,'2018-07-09','31','1971-03-29 15:16:04',NULL),
('32',NULL,'1978-07-13','32','2014-05-22 15:20:05',NULL),
('33',NULL,'1977-08-21','33','1976-10-26 13:50:14',NULL),
('34',NULL,'2010-03-22','34','1970-03-24 09:48:15',NULL),
('35',NULL,'1972-05-11','35','2003-07-24 13:03:01',NULL),
('36',NULL,'1974-02-25','36','1999-04-03 00:24:51',NULL),
('37',NULL,'2019-01-12','37','2010-04-05 03:52:58',NULL),
('38',NULL,'1987-12-23','38','1975-01-02 03:33:00',NULL),
('39',NULL,'2002-04-13','39','1999-01-11 08:50:05',NULL),
('40',NULL,'1992-02-28','40','1985-11-22 13:29:12',NULL),
('41',NULL,'1979-01-10','41','1994-03-31 10:05:18',NULL),
('42',NULL,'1984-05-09','42','1982-05-20 08:10:05',NULL),
('43',NULL,'1988-01-12','43','1977-09-20 23:24:30',NULL),
('44',NULL,'2019-02-22','44','1981-08-28 08:10:35',NULL),
('45',NULL,'2001-01-13','45','2007-08-31 19:30:09',NULL),
('46',NULL,'1971-03-21','46','1994-12-12 18:09:44',NULL),
('47',NULL,'2004-12-31','47','1979-01-24 05:30:12',NULL),
('48',NULL,'1974-02-23','48','1985-01-17 09:28:52',NULL),
('49',NULL,'2008-10-30','49','1981-12-17 14:39:22',NULL),
('50',NULL,'2016-05-05','50','1981-03-27 23:16:33',NULL),
('51',NULL,'1994-06-20','51','2015-09-06 16:27:15',NULL),
('52',NULL,'1987-04-26','52','2008-11-22 09:27:27',NULL),
('53',NULL,'1993-07-12','53','2007-06-18 17:01:21',NULL),
('54',NULL,'1993-12-13','54','1982-12-22 22:38:49',NULL),
('55',NULL,'2014-02-11','55','1999-05-18 00:56:14',NULL),
('56',NULL,'1973-04-07','56','2010-01-05 15:10:50',NULL),
('57',NULL,'1995-05-13','57','2002-07-05 00:25:28',NULL),
('58',NULL,'1989-03-06','58','1984-03-28 12:07:30',NULL),
('59',NULL,'1970-07-13','59','2000-09-18 08:21:51',NULL),
('60',NULL,'1987-06-21','60','2004-05-18 12:13:56',NULL),
('61',NULL,'1988-01-09','61','1992-03-14 06:08:01',NULL),
('62',NULL,'2018-08-26','62','2012-10-03 08:25:22',NULL),
('63',NULL,'2012-07-24','63','1997-04-03 21:07:19',NULL),
('64',NULL,'1988-06-14','64','2017-11-25 05:43:13',NULL),
('65',NULL,'1990-07-03','65','1980-10-06 06:55:07',NULL),
('66',NULL,'1981-12-05','66','1990-07-02 07:20:13',NULL),
('67',NULL,'1991-07-03','67','1988-05-13 08:18:09',NULL),
('68',NULL,'1988-04-19','68','1976-02-04 01:03:48',NULL),
('69',NULL,'1983-06-04','69','2003-11-05 11:24:44',NULL),
('70',NULL,'2012-11-11','70','1998-02-15 09:00:02',NULL),
('71',NULL,'1972-04-23','71','1992-02-28 02:14:30',NULL),
('72',NULL,'1979-04-19','72','1995-11-18 23:18:07',NULL),
('73',NULL,'1986-11-17','73','1976-01-04 04:26:44',NULL),
('74',NULL,'2017-09-07','74','1971-04-14 19:24:34',NULL),
('75',NULL,'1989-03-06','75','1974-04-02 14:58:52',NULL),
('76',NULL,'1984-03-02','76','2002-07-16 13:45:52',NULL),
('77',NULL,'1985-01-05','77','2000-02-05 07:27:49',NULL),
('78',NULL,'1970-03-30','78','2017-09-09 13:24:08',NULL),
('79',NULL,'1971-05-16','79','2005-01-09 19:11:11',NULL),
('80',NULL,'1974-06-05','80','1999-11-29 16:06:39',NULL),
('81',NULL,'1974-01-13','81','2016-05-19 13:12:30',NULL),
('82',NULL,'2011-12-13','82','2015-01-29 19:32:19',NULL),
('83',NULL,'1986-03-29','83','1973-05-10 22:39:14',NULL),
('84',NULL,'1993-10-05','84','1982-03-07 11:21:15',NULL),
('85',NULL,'2000-01-30','85','1971-03-09 21:09:52',NULL),
('86',NULL,'2006-08-06','86','1991-03-25 09:44:35',NULL),
('87',NULL,'2003-12-02','87','2016-12-06 07:10:50',NULL),
('88',NULL,'2015-11-28','88','1981-05-19 00:45:34',NULL),
('89',NULL,'2008-12-21','89','1972-12-05 13:45:02',NULL),
('90',NULL,'2000-07-13','90','2012-02-10 16:15:51',NULL),
('91',NULL,'1993-04-28','91','1996-08-19 01:00:48',NULL),
('92',NULL,'1994-06-05','92','1972-09-17 01:48:14',NULL),
('93',NULL,'2013-04-10','93','1998-07-30 13:58:56',NULL),
('94',NULL,'1984-07-15','94','1989-11-24 11:12:44',NULL),
('95',NULL,'2008-03-06','95','2016-03-05 22:30:05',NULL),
('96',NULL,'1995-12-15','96','1997-06-11 02:04:03',NULL),
('97',NULL,'2011-09-11','97','2000-10-20 18:15:32',NULL),
('98',NULL,'2003-03-28','98','2004-03-28 13:31:41',NULL),
('99',NULL,'1971-07-05','99','2017-12-02 13:33:07',NULL),
('100',NULL,'2014-09-02','100','2019-05-12 20:47:26',NULL); 


DROP TABLE IF EXISTS `users`;
CREATE TABLE `users` (
  `id` bigint(20) unsigned NOT NULL AUTO_INCREMENT,
  `firstname` varchar(50) COLLATE utf8_unicode_ci DEFAULT NULL,
  `lastname` varchar(50) COLLATE utf8_unicode_ci DEFAULT NULL COMMENT 'Фамиль',
  `email` varchar(120) COLLATE utf8_unicode_ci DEFAULT NULL,
  `phone` bigint(20) DEFAULT NULL,
  PRIMARY KEY (`id`),
  UNIQUE KEY `email` (`email`),
  KEY `users_phone_idx` (`phone`),
  KEY `users_firstname_lastname_idx` (`firstname`,`lastname`)
) ENGINE=InnoDB AUTO_INCREMENT=101 DEFAULT CHARSET=utf8 COLLATE=utf8_unicode_ci;

INSERT INTO `users` VALUES ('1','Audie','Powlowski','cydney.hintz@example.com','1'),
('2','Oleta','McClure','fpacocha@example.org','1'),
('3','Vergie','Streich','zaria43@example.net','174479'),
('4','Fatima','Schultz','zander60@example.com','61'),
('5','Susan','Jacobs','julia46@example.org','172157'),
('6','Arvid','Runolfsdottir','ova01@example.com','0'),
('7','Carmelo','Purdy','hayden60@example.org','1'),
('8','Sigrid','Barton','qcorwin@example.org','1'),
('9','Shirley','Toy','zboncak.kyler@example.net','286'),
('10','Crystel','Lakin','wisoky.abdul@example.net','1'),
('11','Elmer','Emard','travis91@example.com','302881'),
('12','Letitia','Jacobs','oleta.spinka@example.org','3'),
('13','Nathanial','Jerde','cremin.mia@example.org','1'),
('14','Vena','Price','karolann.dooley@example.com','40'),
('15','Delmer','Price','grant.alexzander@example.com','520943'),
('16','Gabrielle','Nitzsche','adickinson@example.com','529776'),
('17','Leonel','Kautzer','darrion80@example.com','475560'),
('18','Cathy','Veum','xjerde@example.net','747'),
('19','Wilburn','Walsh','kylie41@example.org','0'),
('20','Alivia','Cummerata','feil.gaston@example.org','0'),
('21','Destini','Williamson','conn.nelle@example.net','1'),
('22','Seth','Bayer','unicolas@example.com','937247'),
('23','Kaci','Reichert','utoy@example.org','48'),
('24','Nelson','O\'Conner','yundt.madelyn@example.com','92'),
('25','Magdalen','Dietrich','sincere87@example.org','392174'),
('26','Walter','Parker','will66@example.net','0'),
('27','Tom','Tremblay','bmraz@example.org','2858351754'),
('28','Natalie','Weimann','hazle.nicolas@example.com','579'),
('29','Quincy','Renner','ydonnelly@example.com','561'),
('30','Kira','Hyatt','qlockman@example.com','0'),
('31','Elliott','Bode','waters.will@example.com','1'),
('32','Ayden','Ruecker','rfritsch@example.com','1'),
('33','Kathryn','Mertz','ybrown@example.org','972372'),
('34','Logan','Gulgowski','lucie.hirthe@example.org','0'),
('35','Cade','Stroman','anastacio75@example.net','704'),
('36','Autumn','Konopelski','dedrick.schoen@example.org','40'),
('37','Donnell','Runte','seth71@example.net','1'),
('38','Noemy','Wilkinson','tkessler@example.net','0'),
('39','Golda','Mann','zbartoletti@example.net','0'),
('40','Ariane','Hessel','friesen.roderick@example.com','1'),
('41','Stephany','Marvin','cole.devon@example.com','1'),
('42','Garrett','Hickle','gerson.medhurst@example.org','883'),
('43','Robin','Larkin','xo\'connell@example.net','1'),
('44','Edmond','Schulist','shanna.keebler@example.org','633217'),
('45','Christopher','Hahn','maud57@example.org','0'),
('46','Jasen','Williamson','will.cordia@example.org','1'),
('47','Kobe','McDermott','ntremblay@example.net','2933134149'),
('48','Brandi','Blanda','yglover@example.com','930'),
('49','Vern','Zemlak','jamil.quigley@example.net','545759'),
('50','Hadley','Johns','harvey.hailie@example.org','1'),
('51','Kasandra','Nikolaus','mallie69@example.net','20848'),
('52','Ofelia','Murazik','jauer@example.com','1'),
('53','Hadley','Simonis','santina00@example.org','0'),
('54','Clifton','Douglas','jennie.reilly@example.org','1'),
('55','Hope','Stanton','madie.lockman@example.org','298837'),
('56','Paige','West','koelpin.kavon@example.net','0'),
('57','Marilyne','Stokes','mnikolaus@example.net','810'),
('58','Oswaldo','Conn','beer.marilie@example.com','1'),
('59','Markus','Lynch','breitenberg.agustina@example.net','323148'),
('60','Jorge','Collins','mcdermott.mauricio@example.org','654783'),
('61','Bessie','Rutherford','hermann.enos@example.net','296360'),
('62','Giles','Ward','dickinson.orville@example.com','102287'),
('63','Kylie','Pfannerstill','morissette.abdullah@example.org','308'),
('64','Lauretta','Schulist','madisen.goodwin@example.net','232'),
('65','Jany','Douglas','uwillms@example.org','952'),
('66','Carmine','Hettinger','pete27@example.org','412'),
('67','Sigrid','Little','kenna59@example.com','0'),
('68','Destiney','Trantow','ocummings@example.org','541'),
('69','Jermain','Williamson','ankunding.camylle@example.org','618632'),
('70','Agustin','Runolfsdottir','acruickshank@example.org','0'),
('71','Ophelia','Davis','veum.demarco@example.com','0'),
('72','Myrtie','Parker','parisian.camylle@example.net','0'),
('73','Jeremy','Smitham','vklein@example.org','730285'),
('74','Roger','Collins','isai69@example.net','210'),
('75','Junior','Schmeler','adams.rhoda@example.com','362'),
('76','Julius','Streich','carey.crona@example.net','181'),
('77','Florida','Gerhold','kathleen20@example.net','718417'),
('78','Heber','Fisher','jrenner@example.org','2869758788'),
('79','Marquise','Fisher','emard.lacy@example.org','150866'),
('80','Ashlee','Mills','lolita.bode@example.com','7143'),
('81','Toney','Bernier','hmann@example.org','4440620279'),
('82','Myah','Marquardt','carmen97@example.org','948138'),
('83','Zola','Fisher','maggie.schuster@example.org','807'),
('84','Buddy','Mayer','hbogisich@example.org','67'),
('85','Alfred','Krajcik','agustina63@example.net','216200'),
('86','Rosina','Goyette','shania21@example.net','55'),
('87','Janick','Koss','jayson.bergstrom@example.org','1'),
('88','Ryann','Hamill','wiza.rolando@example.org','1'),
('89','Zola','Tremblay','trystan.maggio@example.org','657024'),
('90','Howell','Schiller','fatima05@example.com','1'),
('91','Sage','Schmitt','emory.jerde@example.org','49'),
('92','Verona','Wolf','klocko.mauricio@example.net','304791'),
('93','Edward','Schoen','vivian60@example.org','934899'),
('94','Troy','Cassin','ustoltenberg@example.org','589'),
('95','Geoffrey','Satterfield','una.ankunding@example.com','1'),
('96','Estell','Hammes','douglas.al@example.org','709'),
('97','Liza','Mitchell','hgottlieb@example.org','1'),
('98','Athena','Dicki','veum.malvina@example.com','702'),
('99','Alana','Kutch','orlando19@example.com','690428'),
('100','Victoria','Johnston','thomas68@example.org','871626'); 


DROP TABLE IF EXISTS `users_communities`;
CREATE TABLE `users_communities` (
  `user_id` bigint(20) unsigned NOT NULL,
  `community_id` bigint(20) unsigned NOT NULL,
  PRIMARY KEY (`user_id`,`community_id`),
  KEY `community_id` (`community_id`),
  CONSTRAINT `users_communities_ibfk_1` FOREIGN KEY (`user_id`) REFERENCES `users` (`id`),
  CONSTRAINT `users_communities_ibfk_2` FOREIGN KEY (`community_id`) REFERENCES `communities` (`id`)
) ENGINE=InnoDB DEFAULT CHARSET=utf8 COLLATE=utf8_unicode_ci;

INSERT INTO `users_communities` VALUES ('1','1'),
('2','2'),
('3','3'),
('4','4'),
('5','5'),
('6','6'),
('7','7'),
('8','8'),
('9','9'),
('10','10'),
('11','11'),
('12','12'),
('13','13'),
('14','14'),
('15','15'),
('16','16'),
('17','17'),
('18','18'),
('19','19'),
('20','20'),
('21','21'),
('22','22'),
('23','23'),
('24','24'),
('25','25'),
('26','26'),
('27','27'),
('28','28'),
('29','29'),
('30','30'),
('31','31'),
('32','32'),
('33','33'),
('34','34'),
('35','35'),
('36','36'),
('37','37'),
('38','38'),
('39','39'),
('40','40'),
('41','41'),
('42','42'),
('43','43'),
('44','44'),
('45','45'),
('46','46'),
('47','47'),
('48','48'),
('49','49'),
('50','50'),
('51','51'),
('52','52'),
('53','53'),
('54','54'),
('55','55'),
('56','56'),
('57','57'),
('58','58'),
('59','59'),
('60','60'),
('61','61'),
('62','62'),
('63','63'),
('64','64'),
('65','65'),
('66','66'),
('67','67'),
('68','68'),
('69','69'),
('70','70'),
('71','71'),
('72','72'),
('73','73'),
('74','74'),
('75','75'),
('76','76'),
('77','77'),
('78','78'),
('79','79'),
('80','80'),
('81','81'),
('82','82'),
('83','83'),
('84','84'),
('85','85'),
('86','86'),
('87','87'),
('88','88'),
('89','89'),
('90','90'),
('91','91'),
('92','92'),
('93','93'),
('94','94'),
('95','95'),
('96','96'),
('97','97'),
('98','98'),
('99','99'),
('100','100'); 




/*!40101 SET SQL_MODE=@OLD_SQL_MODE */;
/*!40014 SET FOREIGN_KEY_CHECKS=@OLD_FOREIGN_KEY_CHECKS */;
/*!40014 SET UNIQUE_CHECKS=@OLD_UNIQUE_CHECKS */;
/*!40101 SET CHARACTER_SET_CLIENT=@OLD_CHARACTER_SET_CLIENT */;
/*!40101 SET CHARACTER_SET_RESULTS=@OLD_CHARACTER_SET_RESULTS */;
/*!40101 SET COLLATION_CONNECTION=@OLD_COLLATION_CONNECTION */;
/*!40111 SET SQL_NOTES=@OLD_SQL_NOTES */;

/*
Задание №2
Написать скрипт, возвращающий список имен (только firstname) пользователей без повторений в алфавитном порядке
*/

SELECT DISTINCT firstname 
FROM users
ORDER BY firstname 
;

/*
 Задание №3
 Написать скрипт, отмечающий несовершеннолетних пользователей как неактивных (поле is_active = false). 
 Предварительно добавить такое поле в таблицу profiles со значением по умолчанию = true (или 1)
 */

ALTER TABLE `profiles` ADD `is_active` ENUM('true', 'false') DEFAULT 'true';

UPDATE `profiles`
SET 
	`is_active` = 'false'
WHERE TIMESTAMPDIFF(YEAR, `birthday`, CURDATE()) < 18
;

/*
Задание №4
Написать скрипт, удаляющий сообщения «из будущего» (дата позже сегодняшней)
*/

DELETE FROM messages 
WHERE created_at+0 > CURRENT_TIMESTAMP+0;